,cellname,xcoord,ycoord,celltype,celltype_class
Cell_00008,Cell_00008,49.77124718410813,4980.7776640043685,eL6-2,Excitatory
Cell_00009,Cell_00009,53.473113918182875,8729.177424962336,eL4,Excitatory
Cell_00012,Cell_00012,46.31549262675519,11547.566359203338,eL2/3,Excitatory
Cell_00014,Cell_00014,37.612810621691935,3280.980263748094,eL6-2,Excitatory
Cell_00015,Cell_00015,45.35031185031185,7582.793601293602,eL5,Excitatory
Cell_00016,Cell_00016,50.13700344072568,4691.683640913357,eL6-1,Excitatory
Cell_00019,Cell_00019,48.957828210284404,12817.143809250216,eL6-1,Excitatory
Cell_00020,Cell_00020,91.88149725031045,3426.17491573532,eL6-2,Excitatory
Cell_00021,Cell_00021,84.1451196662778,5157.435323646905,eL6-1,Excitatory
Cell_00022,Cell_00022,61.31039593478721,1480.0390641541394,Micro,Non-neuronal
Cell_00023,Cell_00023,55.56052130788305,9461.603944409204,eL4,Excitatory
Cell_00024,Cell_00024,58.753771776277404,12633.158039509877,eL2/3,Excitatory
Cell_00025,Cell_00025,73.60596399099775,10688.079207301826,eL2/3,Excitatory
Cell_00026,Cell_00026,73.38752389718898,12065.723040430503,eL4,Excitatory
Cell_00027,Cell_00027,81.66815502768351,13121.710305411681,eL2/3,Excitatory
Cell_00028,Cell_00028,74.05760602113186,4216.013943165919,eL6-1,Excitatory
Cell_00029,Cell_00029,78.53595908467784,569.0051671412,Endo,Non-neuronal
Cell_00030,Cell_00030,89.30364673778219,2851.3394525758704,Oligo,Non-neuronal
Cell_00032,Cell_00032,97.24617916764636,1324.5454385139901,Astro,Non-neuronal
Cell_00033,Cell_00033,134.0175016056519,3272.789499036609,eL6-2,Excitatory
Cell_00034,Cell_00034,125.94064051503082,9137.065470020187,eL5,Excitatory
Cell_00035,Cell_00035,122.75309376487387,9265.449904807234,eL4,Excitatory
Cell_00036,Cell_00036,138.48084990465813,3603.8647779896487,eL6-2,Excitatory
Cell_00037,Cell_00037,126.79167387418555,9856.904745430433,eL4,Excitatory
Cell_00039,Cell_00039,133.46355442088262,9993.975459803054,eL2/3,Excitatory
Cell_00040,Cell_00040,135.47829931188252,11006.365663322185,Endo,Non-neuronal
Cell_00041,Cell_00041,133.09269435914013,11766.123323096816,eL2/3,Excitatory
Cell_00042,Cell_00042,143.75221975582687,4510.078200147984,eL5,Excitatory
Cell_00043,Cell_00043,127.16596127393926,12922.530949105914,eL4,Excitatory
Cell_00044,Cell_00044,154.9392547002782,13714.760391198044,Micro,Non-neuronal
Cell_00046,Cell_00046,159.9070197044335,9423.857943349754,eL4,Excitatory
Cell_00047,Cell_00047,168.39476935749587,2553.5340472267985,Astro,Non-neuronal
Cell_00048,Cell_00048,157.09036392767223,6873.340535591668,eL5,Excitatory
Cell_00049,Cell_00049,173.70480446011314,7081.700869066164,eL4,Excitatory
Cell_00050,Cell_00050,177.94879306304196,5523.4938481368645,Oligo,Non-neuronal
Cell_00051,Cell_00051,166.74453736174806,4053.37271828073,eL6-2,Excitatory
Cell_00052,Cell_00052,157.1312199036918,6314.988253319714,PVALB,Inhibitory
Cell_00053,Cell_00053,159.98455181182453,1033.0219326128417,eL5,Excitatory
Cell_00054,Cell_00054,187.9717783772567,2246.444957460054,Oligo,Non-neuronal
Cell_00055,Cell_00055,173.63814262023217,2811.9539800995026,Oligo,Non-neuronal
Cell_00056,Cell_00056,170.8976355876764,11304.522569390361,eL2/3,Excitatory
Cell_00059,Cell_00059,197.695188232361,8723.938967838445,eL4,Excitatory
Cell_00060,Cell_00060,188.58451053283767,10627.52156133829,Micro,Non-neuronal
Cell_00061,Cell_00061,214.4548411873673,11822.7615325532,eL2/3,Excitatory
Cell_00062,Cell_00062,184.90604125376203,934.070542464949,Endo,Non-neuronal
Cell_00063,Cell_00063,224.0120278727087,10469.804669122543,eL2/3,Excitatory
Cell_00064,Cell_00064,217.9780703705351,5405.77069525377,eL6-2,Excitatory
Cell_00066,Cell_00066,253.0161472523091,12753.131171506413,eL2/3,Excitatory
Cell_00067,Cell_00067,255.1228003475994,1346.5820117314795,Astro,Non-neuronal
Cell_00068,Cell_00068,235.1176622482355,2669.9179721122396,Oligo,Non-neuronal
Cell_00069,Cell_00069,239.60476888867862,6022.428537635426,eL6-2,Excitatory
Cell_00070,Cell_00070,247.52298633245098,8838.501323537355,eL4,Excitatory
Cell_00071,Cell_00071,282.032728985166,2801.5233105721686,Oligo,Non-neuronal
Cell_00073,Cell_00073,253.98379227188605,3288.2227020357805,eL6-2,Excitatory
Cell_00075,Cell_00075,297.10435875943,1020.5396060352053,eL5,Excitatory
Cell_00076,Cell_00076,258.26415020228603,9739.765544601123,eL4,Excitatory
Cell_00077,Cell_00077,305.89810143643854,10631.29537489891,eL2/3,Excitatory
Cell_00078,Cell_00078,289.7450626824661,3603.8706422806113,eL6-2,Excitatory
Cell_00079,Cell_00079,292.28753796507215,6890.985098709188,Astro,Non-neuronal
Cell_00080,Cell_00080,307.4996456892188,12261.389775603171,eL6-1,Excitatory
Cell_00081,Cell_00081,326.1601079622132,907.5889338731444,Micro,Non-neuronal
Cell_00084,Cell_00084,311.77279028049577,7611.680854533594,eL5,Excitatory
Cell_00085,Cell_00085,312.20099508113304,1540.9478713179171,Oligo,Non-neuronal
Cell_00086,Cell_00086,311.7581075925219,221.48111407859597,HPC,Excitatory
Cell_00087,Cell_00087,323.97421705640886,10343.778746367787,eL2/3,Excitatory
Cell_00088,Cell_00088,324.6981745197362,2668.301729905381,Oligo,Non-neuronal
Cell_00089,Cell_00089,341.4209232349919,13298.490532804932,VIP,Inhibitory
Cell_00091,Cell_00091,341.8150002878029,4919.207390778794,Oligo,Non-neuronal
Cell_00092,Cell_00092,347.4145159727381,8243.814302787558,eL4,Excitatory
Cell_00093,Cell_00093,350.19606649674745,8525.112070605242,eL4,Excitatory
Cell_00094,Cell_00094,362.95298480131845,4367.885552096685,eL6-2,Excitatory
Cell_00095,Cell_00095,354.5161568537259,9874.984245630174,eL4,Excitatory
Cell_00096,Cell_00096,373.7048832271762,4236.00553303738,eL6-2,Excitatory
Cell_00098,Cell_00098,356.9109477124183,4009.9289215686276,eL5,Excitatory
Cell_00099,Cell_00099,364.50009104980427,8916.875944641719,eL4,Excitatory
Cell_00100,Cell_00100,377.97300376461266,3486.9976223499107,eL6-2,Excitatory
Cell_00101,Cell_00101,356.88125244618396,1196.0749902152643,eL4,Excitatory
Cell_00102,Cell_00102,398.0127775515956,11586.146847890765,eL2/3,Excitatory
Cell_00103,Cell_00103,393.3266555048785,113.55008371341147,Astro,Non-neuronal
Cell_00104,Cell_00104,366.43955563036525,11266.302676317118,eL2/3,Excitatory
Cell_00105,Cell_00105,364.44754464285717,9341.235639880952,eL4,Excitatory
Cell_00106,Cell_00106,398.21092534992226,9724.855300673924,eL4,Excitatory
Cell_00107,Cell_00107,389.2617677286742,2213.414953751285,Oligo,Non-neuronal
Cell_00109,Cell_00109,416.5598510522572,5937.647169574495,eL6-2,Excitatory
Cell_00110,Cell_00110,414.4234716113951,563.179523752922,HPC,Excitatory
Cell_00112,Cell_00112,439.34531505904664,4112.985992586846,eL6-2,Excitatory
Cell_00113,Cell_00113,427.93833395353784,7674.855403753123,PVALB,Inhibitory
Cell_00114,Cell_00114,438.6461563571079,12637.866247755836,eL6-1,Excitatory
Cell_00115,Cell_00115,445.3098393155259,1467.2185413188647,Oligo,Non-neuronal
Cell_00116,Cell_00116,444.17389624724063,8116.014514348786,eL4,Excitatory
Cell_00117,Cell_00117,448.1179097973709,7820.841310189557,eL4,Excitatory
Cell_00118,Cell_00118,441.49629338700964,12177.441651529285,VIP,Inhibitory
Cell_00120,Cell_00120,473.9714099085519,4900.319013164506,eL6-1,Excitatory
Cell_00121,Cell_00121,453.61641433331386,6866.15373823581,Oligo,Non-neuronal
Cell_00122,Cell_00122,453.59915836316145,1275.9749443745768,SST,Inhibitory
Cell_00123,Cell_00123,484.072958635509,10801.314967767928,SST,Inhibitory
Cell_00124,Cell_00124,482.4385218788394,5641.312541347699,eL6-1,Excitatory
Cell_00125,Cell_00125,464.7853141377025,9934.885729775315,eL2/3,Excitatory
Cell_00126,Cell_00126,483.4840335270222,9067.296395330899,eL4,Excitatory
Cell_00128,Cell_00128,501.53116826503924,8947.835058849172,eL2/3,Excitatory
Cell_00130,Cell_00130,519.3427151051625,10643.395869980879,SST,Inhibitory
Cell_00131,Cell_00131,538.5165622202328,2229.62260021884,Oligo,Non-neuronal
Cell_00133,Cell_00133,542.4450906602806,2784.7742473486146,Astro,Non-neuronal
Cell_00134,Cell_00134,561.4461699757552,1263.36970054387,Endo,Non-neuronal
Cell_00137,Cell_00137,542.8382405108194,3535.0856686768357,eL6-2,Excitatory
Cell_00138,Cell_00138,581.9279210028383,3946.09892384106,eL6-1,Excitatory
Cell_00139,Cell_00139,567.0376440460948,7586.721425522834,eL5,Excitatory
Cell_00141,Cell_00141,600.3370602067528,7417.800834109766,eL5,Excitatory
Cell_00142,Cell_00142,590.443494145977,1362.9635472888815,Micro,Non-neuronal
Cell_00143,Cell_00143,586.4473935264054,8636.667563884157,SST,Inhibitory
Cell_00144,Cell_00144,620.5926933358345,9373.896543638324,eL2/3,Excitatory
Cell_00145,Cell_00145,615.9554935976869,9657.67508261049,eL4,Excitatory
Cell_00146,Cell_00146,632.935545767738,1841.6568400854737,Oligo,Non-neuronal
Cell_00147,Cell_00147,603.3552327948962,5819.910818514999,Endo,Non-neuronal
Cell_00148,Cell_00148,639.963844842725,10940.970249470585,eL2/3,Excitatory
Cell_00149,Cell_00149,635.1078405315615,3404.89634551495,Oligo,Non-neuronal
Cell_00150,Cell_00150,628.1883816087003,12572.14918703564,Astro,Non-neuronal
Cell_00151,Cell_00151,632.0201952085182,4779.012954747116,eL6-2,Excitatory
Cell_00152,Cell_00152,643.643438197394,11057.109207400475,eL2/3,Excitatory
Cell_00153,Cell_00153,655.3500151653018,11168.432211101,eL6-1,Excitatory
Cell_00154,Cell_00154,637.855281073721,4292.127796148609,eL6-2,Excitatory
Cell_00155,Cell_00155,646.1267343268242,10519.834275436793,eL2/3,Excitatory
Cell_00156,Cell_00156,676.3642469135802,7097.457481481481,eL5,Excitatory
Cell_00158,Cell_00158,668.3987540789084,1671.3903292791456,Oligo,Non-neuronal
Cell_00159,Cell_00159,676.2134362348178,4545.621457489879,eL6-1,Excitatory
Cell_00161,Cell_00161,673.9942589648472,5950.098745804628,eL5,Excitatory
Cell_00162,Cell_00162,686.2334026474616,6704.930770401176,Oligo,Non-neuronal
Cell_00163,Cell_00163,692.6813448751725,1317.4340107891105,Micro,Non-neuronal
Cell_00164,Cell_00164,685.5635495744191,3561.400046008742,Endo,Non-neuronal
Cell_00165,Cell_00165,680.25016137842,11700.779482595957,Endo,Non-neuronal
Cell_00166,Cell_00166,667.8535137494544,3223.252509821039,SST,Inhibitory
Cell_00167,Cell_00167,680.9378687819936,3731.8066116994255,eL6-2,Excitatory
Cell_00168,Cell_00168,697.5043074884029,3913.0114186674823,Micro,Non-neuronal
Cell_00170,Cell_00170,708.3771486349848,9213.227390180879,eL6-1,Excitatory
Cell_00171,Cell_00171,695.1128037104804,12084.397770307647,Endo,Non-neuronal
Cell_00172,Cell_00172,711.5579401679082,5614.942710180915,eL6-1,Excitatory
Cell_00173,Cell_00173,718.9760603204523,12519.819557021678,Endo,Non-neuronal
Cell_00175,Cell_00175,719.7083195383815,13014.974554225984,Endo,Non-neuronal
Cell_00176,Cell_00176,740.7602456280871,6393.11002536377,eL6-1,Excitatory
Cell_00177,Cell_00177,741.6231362960832,13535.715902008726,Micro,Non-neuronal
Cell_00178,Cell_00178,713.6905891885635,6932.33510823012,Oligo,Non-neuronal
Cell_00179,Cell_00179,732.3090575275398,4401.292594859241,eL6-1,Excitatory
Cell_00180,Cell_00180,730.0242620546354,1122.0925258204486,Astro,Non-neuronal
Cell_00181,Cell_00181,720.2836755559342,5458.770682457187,eL6-2,Excitatory
Cell_00182,Cell_00182,756.3313500939429,10025.159345083654,eL5,Excitatory
Cell_00183,Cell_00183,748.7111281657712,10403.334663596828,eL4,Excitatory
Cell_00184,Cell_00184,770.2260491781251,8280.727639181261,eL2/3,Excitatory
Cell_00185,Cell_00185,750.6728680422445,9465.485736836172,Micro,Non-neuronal
Cell_00186,Cell_00186,790.8235075182373,12132.393776983772,Endo,Non-neuronal
Cell_00187,Cell_00187,772.7336667376037,4188.768833794425,eL6-1,Excitatory
Cell_00189,Cell_00189,778.4997173544375,11060.377275296778,Endo,Non-neuronal
Cell_00190,Cell_00190,801.1502806173581,9881.11054319503,eL4,Excitatory
Cell_00191,Cell_00191,795.4436134330547,5276.054602336609,eL6-1,Excitatory
Cell_00192,Cell_00192,771.2752859477124,8461.276511437909,Micro,Non-neuronal
Cell_00193,Cell_00193,796.3022371475134,818.8129784186873,Reln,Inhibitory
Cell_00194,Cell_00194,806.1393050035667,7467.520177315806,Reln,Inhibitory
Cell_00195,Cell_00195,813.5073337123365,1440.0329164297896,Astro,Non-neuronal
Cell_00196,Cell_00196,793.4481003111154,1555.0842368247384,Astro,Non-neuronal
Cell_00197,Cell_00197,791.543545398394,4648.338248919086,eL6-2,Excitatory
Cell_00198,Cell_00198,813.9931034482759,4754.171814092953,eL6-1,Excitatory
Cell_00199,Cell_00199,831.0357597564351,6967.80464987545,Astro,Non-neuronal
Cell_00200,Cell_00200,817.9962917181706,11574.510636913668,Endo,Non-neuronal
Cell_00202,Cell_00202,842.3512755325677,2837.4873761725257,Oligo,Non-neuronal
Cell_00203,Cell_00203,840.0728373625395,3234.984105783358,eL6-2,Excitatory
Cell_00204,Cell_00204,831.1210202411867,7907.473266692754,eL5,Excitatory
Cell_00205,Cell_00205,838.315230317926,9231.32137477206,PVALB,Inhibitory
Cell_00206,Cell_00206,800.5469781615033,12877.200545962418,Endo,Non-neuronal
Cell_00207,Cell_00207,842.5637495384291,11373.040512739357,Endo,Non-neuronal
Cell_00208,Cell_00208,826.7362000609942,13055.215065568771,Endo,Non-neuronal
Cell_00209,Cell_00209,840.0530683133925,13185.687958317252,eL2/3,Excitatory
Cell_00210,Cell_00210,828.5061547325965,4038.0562568749674,eL5,Excitatory
Cell_00211,Cell_00211,826.9615140083923,11875.328105794091,Endo,Non-neuronal
Cell_00213,Cell_00213,839.0049395161291,12336.85685483871,Endo,Non-neuronal
Cell_00214,Cell_00214,844.9705406078724,5526.636273044345,eL4,Excitatory
Cell_00215,Cell_00215,855.19614616281,10719.62339770268,Endo,Non-neuronal
Cell_00216,Cell_00216,861.6840534085975,10356.890306122448,eL2/3,Excitatory
Cell_00217,Cell_00217,843.359022556391,3550.542351973684,eL6-2,Excitatory
Cell_00218,Cell_00218,875.461273231856,10953.944621983012,Endo,Non-neuronal
Cell_00219,Cell_00219,874.9891568814134,8471.899555696604,eL4,Excitatory
Cell_00220,Cell_00220,859.7859316092334,4976.649381572855,eL6-2,Excitatory
Cell_00221,Cell_00221,864.8534292405487,12690.877985948478,eL2/3,Excitatory
Cell_00222,Cell_00222,886.4602851323829,11714.546982947966,eL2/3,Excitatory
Cell_00223,Cell_00223,889.5402085747393,4411.115720355349,eL6-1,Excitatory
Cell_00224,Cell_00224,881.0151925865221,13788.879467944273,Endo,Non-neuronal
Cell_00225,Cell_00225,893.6447184271909,6485.4471842719095,eL5,Excitatory
Cell_00226,Cell_00226,900.607730070911,4637.071612249669,eL6-2,Excitatory
Cell_00227,Cell_00227,914.0714958997078,9517.001178244886,eL4,Excitatory
Cell_00228,Cell_00228,900.4687244935817,888.5757215997626,Astro,Non-neuronal
Cell_00229,Cell_00229,895.1677064062299,3716.0996859269458,eL6-2,Excitatory
Cell_00232,Cell_00232,921.8537626628075,4138.465340086831,eL6-2,Excitatory
Cell_00233,Cell_00233,933.8971897653173,8235.884081956903,Astro,Non-neuronal
Cell_00234,Cell_00234,948.9359735504283,6364.388638060364,eL6-1,Excitatory
Cell_00235,Cell_00235,910.2877265347316,1004.05445609724,SST,Inhibitory
Cell_00236,Cell_00236,932.5363625138906,12384.059204840103,Reln,Inhibitory
Cell_00237,Cell_00237,952.6380230642504,12538.381911037892,eL2/3,Excitatory
Cell_00238,Cell_00238,977.3800034656039,10618.73932882805,Astro,Non-neuronal
Cell_00240,Cell_00240,972.9126441808341,7647.79954080796,Endo,Non-neuronal
Cell_00241,Cell_00241,988.9543336439888,11272.80827586207,eL2/3,Excitatory
Cell_00242,Cell_00242,994.6602967184123,10170.079534289644,Endo,Non-neuronal
Cell_00243,Cell_00243,1008.209675345548,11875.101639344262,eL2/3,Excitatory
Cell_00247,Cell_00247,1034.7488358967123,13789.853722778797,Endo,Non-neuronal
Cell_00249,Cell_00249,1013.0953801051355,9584.54918115649,Endo,Non-neuronal
Cell_00251,Cell_00251,1024.2768912612134,8028.457284185228,Astro,Non-neuronal
Cell_00252,Cell_00252,1036.5420300550113,10793.503522071649,eL2/3,Excitatory
Cell_00253,Cell_00253,1040.1873746691265,2758.0492901259327,Oligo,Non-neuronal
Cell_00254,Cell_00254,1041.3168705355774,6528.879456758331,eL6-1,Excitatory
Cell_00255,Cell_00255,1056.857094133697,12850.602546612097,eL6-1,Excitatory
Cell_00256,Cell_00256,1045.029442622951,7451.838360655738,eL6-1,Excitatory
Cell_00257,Cell_00257,1048.0291772269272,11622.243741113927,Astro,Non-neuronal
Cell_00258,Cell_00258,1049.5523821887575,9090.29683240296,Endo,Non-neuronal
Cell_00259,Cell_00259,1047.9308251697819,5726.84800769277,eL6-2,Excitatory
Cell_00260,Cell_00260,1062.934996516893,9885.527298850575,Endo,Non-neuronal
Cell_00261,Cell_00261,1049.030786106033,1158.2631078610602,eL5,Excitatory
Cell_00262,Cell_00262,1067.625063938619,4688.951023017903,eL6-1,Excitatory
Cell_00263,Cell_00263,1071.7567833630715,10169.6361287147,Endo,Non-neuronal
Cell_00264,Cell_00264,1073.6066669873492,1401.7751695608254,Oligo,Non-neuronal
Cell_00265,Cell_00265,1080.0243892270491,5973.407987992996,eL5,Excitatory
Cell_00266,Cell_00266,1065.068283028204,2219.5365330694376,Oligo,Non-neuronal
Cell_00267,Cell_00267,1087.3738067964873,6861.253837342497,Oligo,Non-neuronal
Cell_00268,Cell_00268,1092.2439880228314,5350.215682605034,eL6-2,Excitatory
Cell_00269,Cell_00269,1094.893311304696,3621.745719435266,Astro,Non-neuronal
Cell_00270,Cell_00270,1120.6374288964732,4779.453811149033,eL6-1,Excitatory
Cell_00271,Cell_00271,1114.8084596097242,12342.631908862968,eL2/3,Excitatory
Cell_00273,Cell_00273,1140.0393228823607,5714.348834145699,eL6-2,Excitatory
Cell_00274,Cell_00274,1126.377805554046,12462.33503613934,Oligo,Non-neuronal
Cell_00275,Cell_00275,1158.379925945517,8655.813805871463,Endo,Non-neuronal
Cell_00276,Cell_00276,1141.8498570715549,3505.2885793366304,Oligo,Non-neuronal
Cell_00277,Cell_00277,1178.4572547038767,4218.858736372437,VIP,Inhibitory
Cell_00278,Cell_00278,1137.581525179856,8232.027050359713,Astro,Non-neuronal
Cell_00279,Cell_00279,1155.9821995394286,3237.8386755461506,eL6-2,Excitatory
Cell_00280,Cell_00280,1167.0656444050185,4097.700735014573,Micro,Non-neuronal
Cell_00282,Cell_00282,1138.5043874932683,4985.3519181423635,eL6-2,Excitatory
Cell_00283,Cell_00283,1179.3130955622107,8388.112646338142,Endo,Non-neuronal
Cell_00284,Cell_00284,1174.2736091981556,9025.984789508353,Endo,Non-neuronal
Cell_00285,Cell_00285,1165.756492465534,7018.495564817784,Oligo,Non-neuronal
Cell_00287,Cell_00287,1179.7401826325474,11466.457379952086,eL2/3,Excitatory
Cell_00288,Cell_00288,1173.2016499157614,1651.9758322198338,Oligo,Non-neuronal
Cell_00289,Cell_00289,1176.5273322304538,10526.498129900021,Astro,Non-neuronal
Cell_00290,Cell_00290,1193.6643689346633,11021.974076176573,eL2/3,Excitatory
Cell_00291,Cell_00291,1185.31238433066,6833.349398519433,eL6-1,Excitatory
Cell_00292,Cell_00292,1176.3699524133242,13748.329299796058,Astro,Non-neuronal
Cell_00294,Cell_00294,1207.2169561798555,5269.87147044106,Endo,Non-neuronal
Cell_00295,Cell_00295,1199.7851047773843,1782.2939571602717,Oligo,Non-neuronal
Cell_00296,Cell_00296,1202.2432047719108,7913.049481461398,Endo,Non-neuronal
Cell_00298,Cell_00298,1200.8370755750275,1410.5652382256299,SST,Inhibitory
Cell_00299,Cell_00299,1219.4179494069326,9967.592261333539,eL2/3,Excitatory
Cell_00300,Cell_00300,1216.9567715147034,9134.174335930835,Endo,Non-neuronal
Cell_00301,Cell_00301,1228.5536152318655,2631.98896156991,Oligo,Non-neuronal
Cell_00302,Cell_00302,1238.4927618185932,9536.791261403905,eL4,Excitatory
Cell_00305,Cell_00305,1257.9059273111634,4676.966338726726,eL6-1,Excitatory
Cell_00306,Cell_00306,1233.0880166330646,12803.096144153225,eL2/3,Excitatory
Cell_00307,Cell_00307,1266.2943226705909,8358.900085198668,Endo,Non-neuronal
Cell_00308,Cell_00308,1243.6683703703704,7821.148222222222,Endo,Non-neuronal
Cell_00309,Cell_00309,1238.51091533329,10336.177042171406,eL2/3,Excitatory
Cell_00310,Cell_00310,1240.4608722548717,4518.31580575317,eL6-2,Excitatory
Cell_00311,Cell_00311,1253.750806451613,12926.94379032258,Endo,Non-neuronal
Cell_00312,Cell_00312,1264.676071333511,8008.630755922279,Endo,Non-neuronal
Cell_00314,Cell_00314,1262.722748692455,3399.1265599917147,eL6-2,Excitatory
Cell_00315,Cell_00315,1283.5447369414965,244.6287343732296,VIP,Inhibitory
Cell_00316,Cell_00316,1234.7541830970904,13013.608494085047,Micro,Non-neuronal
Cell_00317,Cell_00317,1306.317455577124,907.7424593101389,Astro,Non-neuronal
Cell_00318,Cell_00318,1270.9087705559907,12211.033476898981,Micro,Non-neuronal
Cell_00319,Cell_00319,1295.1897680293982,1874.2156063389987,Oligo,Non-neuronal
Cell_00320,Cell_00320,1292.338860850757,3682.6929732128,eL6-2,Excitatory
Cell_00322,Cell_00322,1321.4647151313357,13102.10534591195,Endo,Non-neuronal
Cell_00323,Cell_00323,1323.8061331863507,1420.7231046750514,Astro,Non-neuronal
Cell_00324,Cell_00324,1292.02640893003,12084.743488519829,eL6-2,Excitatory
Cell_00325,Cell_00325,1318.0316419720339,9336.888855204821,eL4,Excitatory
Cell_00327,Cell_00327,1319.2253970666463,4339.851014514781,eL6-2,Excitatory
Cell_00328,Cell_00328,1358.1383548067392,5111.3915163528245,eL6-2,Excitatory
Cell_00329,Cell_00329,1349.8987148022063,10808.13406170005,eL4,Excitatory
Cell_00330,Cell_00330,1343.883010901758,11487.258774970067,eL2/3,Excitatory
Cell_00331,Cell_00331,1335.4775048777688,12785.843337541604,Endo,Non-neuronal
Cell_00332,Cell_00332,1336.9607936037903,2678.318270654427,Oligo,Non-neuronal
Cell_00333,Cell_00333,1349.8813559322034,7341.835791327317,Oligo,Non-neuronal
Cell_00335,Cell_00335,1361.5315660343485,4549.232661121417,eL6-2,Excitatory
Cell_00337,Cell_00337,1359.0026079740783,5286.568024657209,eL6-2,Excitatory
Cell_00338,Cell_00338,1377.1052381517995,7801.812566813161,eL5,Excitatory
Cell_00339,Cell_00339,1356.90057441741,520.6127119039836,Astro,Non-neuronal
Cell_00340,Cell_00340,1382.350651607298,11263.332696206198,Micro,Non-neuronal
Cell_00341,Cell_00341,1400.6383964833485,12231.851927946867,PVALB,Inhibitory
Cell_00342,Cell_00342,1402.9916097416096,3418.4048114048114,eL6-1,Excitatory
Cell_00344,Cell_00344,1420.552375400758,1884.8684348586419,Oligo,Non-neuronal
Cell_00346,Cell_00346,1431.5226926763264,3651.897558775441,eL6-2,Excitatory
Cell_00347,Cell_00347,1408.8456317269465,12515.656840880441,Endo,Non-neuronal
Cell_00348,Cell_00348,1427.9007823918837,12814.775857621873,Endo,Non-neuronal
Cell_00349,Cell_00349,1439.0877700816707,8606.801302594851,eL4,Excitatory
Cell_00350,Cell_00350,1448.923017360828,11921.279118102535,eL4,Excitatory
Cell_00351,Cell_00351,1457.6785333258465,1381.7812342074233,Oligo,Non-neuronal
Cell_00352,Cell_00352,1478.4570530502276,6039.782731413176,Endo,Non-neuronal
Cell_00353,Cell_00353,1460.4029592621062,9338.68210351012,eL4,Excitatory
Cell_00355,Cell_00355,1483.0851419829812,4828.04689740893,eL6-2,Excitatory
Cell_00356,Cell_00356,1493.9685551398538,9021.601371815428,eL4,Excitatory
Cell_00357,Cell_00357,1512.1239556692242,10070.065643648764,eL4,Excitatory
Cell_00358,Cell_00358,1512.2102300242132,8652.023365617433,eL4,Excitatory
Cell_00360,Cell_00360,1507.4135631136335,3892.744397033846,eL6-2,Excitatory
Cell_00361,Cell_00361,1522.741293143839,5940.649929720444,Astro,Non-neuronal
Cell_00362,Cell_00362,1520.333703997882,3372.3893036801696,Astro,Non-neuronal
Cell_00364,Cell_00364,1514.155349186752,5579.130817542541,Astro,Non-neuronal
Cell_00365,Cell_00365,1523.199405795424,12309.481344291391,eL2/3,Excitatory
Cell_00366,Cell_00366,1529.3347979570376,6613.906113865104,eL5,Excitatory
Cell_00367,Cell_00367,1542.7372668342373,13328.381576046215,Reln,Inhibitory
Cell_00368,Cell_00368,1527.72500573263,7285.562084384315,eL5,Excitatory
Cell_00369,Cell_00369,1544.270006553557,11480.57165222457,eL2/3,Excitatory
Cell_00370,Cell_00370,1551.7145608829194,2670.02129210266,Smc,Non-neuronal
Cell_00371,Cell_00371,1552.6270064770488,5232.357457993054,Astro,Non-neuronal
Cell_00372,Cell_00372,1548.5387638717632,7951.528514180025,PVALB,Inhibitory
Cell_00373,Cell_00373,1559.2030879664117,9329.186835511613,eL4,Excitatory
Cell_00374,Cell_00374,1568.58717285302,10198.444671111554,Endo,Non-neuronal
Cell_00376,Cell_00376,1574.9546424434554,8815.330976040968,eL4,Excitatory
Cell_00377,Cell_00377,1584.2507383966245,1263.9676511954992,eL5,Excitatory
Cell_00378,Cell_00378,1601.9833834822832,4811.229307944492,Oligo,Non-neuronal
Cell_00379,Cell_00379,1590.6856465975002,7712.822645208725,PVALB,Inhibitory
Cell_00380,Cell_00380,1594.4918399372302,6921.35606120047,VIP,Inhibitory
Cell_00381,Cell_00381,1587.3880855550535,6774.151265250791,eL5,Excitatory
Cell_00382,Cell_00382,1604.5712065555242,10561.55147405105,eL2/3,Excitatory
Cell_00383,Cell_00383,1605.2841184467168,1630.314853123707,Astro,Non-neuronal
Cell_00384,Cell_00384,1617.9510173880874,4273.5957084720685,eL6-2,Excitatory
Cell_00385,Cell_00385,1631.1255359394704,1891.3525220680958,Oligo,Non-neuronal
Cell_00386,Cell_00386,1641.9932057681642,8604.25672490294,eL4,Excitatory
Cell_00387,Cell_00387,1650.7361802788844,12538.948207171316,eL2/3,Excitatory
Cell_00388,Cell_00388,1664.4267238845453,7384.247604491212,eL5,Excitatory
Cell_00389,Cell_00389,1656.910512103842,9048.916102136529,eL4,Excitatory
Cell_00390,Cell_00390,1657.234778621287,11095.625159219442,eL6-1,Excitatory
Cell_00391,Cell_00391,1663.4284949997943,12375.602452775835,eL2/3,Excitatory
Cell_00392,Cell_00392,1658.3615840826478,8721.750589885849,eL4,Excitatory
Cell_00394,Cell_00394,1666.2062938937436,10370.918618988902,Endo,Non-neuronal
Cell_00395,Cell_00395,1668.4719896043894,11912.445192030033,eL2/3,Excitatory
Cell_00396,Cell_00396,1672.9958388903708,6650.4467858095495,eL5,Excitatory
Cell_00397,Cell_00397,1686.3360315262541,400.7796357439557,HPC,Excitatory
Cell_00398,Cell_00398,1693.791512687854,5471.524020694753,Micro,Non-neuronal
Cell_00399,Cell_00399,1695.1551372193242,10638.058233159447,eL6-1,Excitatory
Cell_00400,Cell_00400,1726.070774154831,3419.9983596719344,Oligo,Non-neuronal
Cell_00402,Cell_00402,1712.6989767545324,1471.2128239350461,Oligo,Non-neuronal
Cell_00403,Cell_00403,1729.914509109685,7607.075434584839,Astro,Non-neuronal
Cell_00404,Cell_00404,1723.4058343823544,1831.4354441464616,Oligo,Non-neuronal
Cell_00405,Cell_00405,1720.8317261882075,5065.355604680413,eL6-2,Excitatory
Cell_00406,Cell_00406,1720.2228034589516,2349.474271378243,Oligo,Non-neuronal
Cell_00407,Cell_00407,1741.9230900525704,12812.437598142964,Micro,Non-neuronal
Cell_00408,Cell_00408,1736.826853110069,9733.717967825363,eL4,Excitatory
Cell_00409,Cell_00409,1761.0523971344599,4820.262720426157,eL6-2,Excitatory
Cell_00410,Cell_00410,1762.3725104709804,3513.174202923327,eL6-2,Excitatory
Cell_00411,Cell_00411,1771.3279639759437,733.2044486082988,HPC,Excitatory
Cell_00412,Cell_00412,1774.0475194730514,8600.52736682524,eL4,Excitatory
Cell_00413,Cell_00413,1769.6167649210379,4057.0672576272646,eL6-1,Excitatory
Cell_00414,Cell_00414,1775.368064516129,6136.4003870967745,Oligo,Non-neuronal
Cell_00416,Cell_00416,1763.1215100275265,10084.821558089745,PVALB,Inhibitory
Cell_00417,Cell_00417,1793.2527779187174,4429.8645288954285,eL6-1,Excitatory
Cell_00418,Cell_00418,1791.3767296613364,9595.376568136542,eL6-1,Excitatory
Cell_00419,Cell_00419,1795.1033887987012,204.14432832792207,Micro,Non-neuronal
Cell_00420,Cell_00420,1792.4679753450355,3672.704542409219,eL6-2,Excitatory
Cell_00421,Cell_00421,1792.1985385423632,10459.302942019294,eL5,Excitatory
Cell_00422,Cell_00422,1780.5055629417116,5896.952767476034,Astro,Non-neuronal
Cell_00423,Cell_00423,1782.5743353420773,4560.327047146402,Micro,Non-neuronal
Cell_00424,Cell_00424,1823.507459970888,5415.5816351285785,HPC,Excitatory
Cell_00425,Cell_00425,1848.1031523542538,6628.495737742433,eL5,Excitatory
Cell_00427,Cell_00427,1823.6418715923,11077.685434516525,eL6-1,Excitatory
Cell_00428,Cell_00428,1827.3464709253626,10945.871798263017,eL2/3,Excitatory
Cell_00429,Cell_00429,1850.6793131771424,12398.754018852427,eL2/3,Excitatory
Cell_00430,Cell_00430,1864.3511218920557,2935.454494565471,Astro,Non-neuronal
Cell_00432,Cell_00432,1855.5598064644853,11521.912485035913,eL2/3,Excitatory
Cell_00433,Cell_00433,1916.2506264581352,3673.236282727037,eL6-2,Excitatory
Cell_00434,Cell_00434,1882.765294170646,4553.741418145779,Micro,Non-neuronal
Cell_00435,Cell_00435,1879.2082220704217,7434.632677140906,Endo,Non-neuronal
Cell_00436,Cell_00436,1887.0981773832916,6522.662375499695,Astro,Non-neuronal
Cell_00437,Cell_00437,1894.6172371544528,9102.99012175511,PVALB,Inhibitory
Cell_00438,Cell_00438,1887.8135247573211,9521.011093890203,Endo,Non-neuronal
Cell_00439,Cell_00439,1891.6435470206156,1536.771251059023,Oligo,Non-neuronal
Cell_00440,Cell_00440,1876.3920858699134,13458.360749759693,Astro,Non-neuronal
Cell_00441,Cell_00441,1879.9758461365088,3242.1353067127457,eL6-2,Excitatory
Cell_00442,Cell_00442,1912.1122627453522,7074.8741335751765,Astro,Non-neuronal
Cell_00443,Cell_00443,1906.7081692640452,11999.200987188731,VIP,Inhibitory
Cell_00445,Cell_00445,1890.6914112388251,8733.114543422733,Endo,Non-neuronal
Cell_00446,Cell_00446,1922.1116101504604,8474.954367841905,eL4,Excitatory
Cell_00447,Cell_00447,1926.7234364856092,6337.715992209479,SST,Inhibitory
Cell_00448,Cell_00448,1944.415974518184,4077.513386017257,eL6-2,Excitatory
Cell_00449,Cell_00449,1946.883203840566,8905.059566672984,eL4,Excitatory
Cell_00450,Cell_00450,1914.5755585602988,2229.736591333462,Oligo,Non-neuronal
Cell_00451,Cell_00451,1951.053044048952,4247.094197583291,eL6-1,Excitatory
Cell_00452,Cell_00452,1938.938500860675,8262.113869907673,Astro,Non-neuronal
Cell_00453,Cell_00453,1947.4995475113121,10193.01467637222,eL2/3,Excitatory
Cell_00454,Cell_00454,1940.4930485882185,2129.236849648846,Astro,Non-neuronal
Cell_00455,Cell_00455,1951.102764340014,5990.443538355217,Astro,Non-neuronal
Cell_00456,Cell_00456,1965.245521023766,11876.677513711153,VIP,Inhibitory
Cell_00457,Cell_00457,1979.586538030065,13693.87027148306,Endo,Non-neuronal
Cell_00458,Cell_00458,1978.0406909788867,13803.298437071566,Astro,Non-neuronal
Cell_00459,Cell_00459,1971.4722623582468,8074.151013617058,eL4,Excitatory
Cell_00460,Cell_00460,1995.0072221315488,1327.4412436755345,Oligo,Non-neuronal
Cell_00461,Cell_00461,2014.5757852539707,9605.875577206069,Oligo,Non-neuronal
Cell_00462,Cell_00462,2002.1645079899074,12071.3768993552,VIP,Inhibitory
Cell_00463,Cell_00463,2012.0047928262213,1674.5398886827459,Oligo,Non-neuronal
Cell_00464,Cell_00464,2048.1997622521208,11673.334576106337,eL2/3,Excitatory
Cell_00465,Cell_00465,2048.078264238667,2221.314025571484,Oligo,Non-neuronal
Cell_00466,Cell_00466,2019.002628587667,12249.327046035805,SST,Inhibitory
Cell_00467,Cell_00467,2026.6190476190477,2522.381536066929,Endo,Non-neuronal
Cell_00469,Cell_00469,2043.864086290243,9914.660955638134,eL4,Excitatory
Cell_00470,Cell_00470,2050.7697960217915,2086.1667300139366,Oligo,Non-neuronal
Cell_00471,Cell_00471,2058.5639953749,5163.644534376946,PVALB,Inhibitory
Cell_00472,Cell_00472,2083.2944974820034,12614.597120523991,eL2/3,Excitatory
Cell_00473,Cell_00473,2071.4416558187972,3174.1782348346783,eL6-2,Excitatory
Cell_00475,Cell_00475,2088.9599751670744,4701.313734798963,eL6-2,Excitatory
Cell_00476,Cell_00476,2062.2763548835983,6500.3934709842415,Micro,Non-neuronal
Cell_00477,Cell_00477,2100.9192016583906,11264.252663549149,eL2/3,Excitatory
Cell_00479,Cell_00479,2110.9741185099806,9130.210666946088,eL4,Excitatory
Cell_00480,Cell_00480,2129.216723324637,10750.387593222125,PVALB,Inhibitory
Cell_00481,Cell_00481,2106.3017295351383,3428.0169431835966,eL6-2,Excitatory
Cell_00482,Cell_00482,2104.651668674272,337.5853822716644,HPC,Excitatory
Cell_00483,Cell_00483,2121.443256165073,12088.09801207851,SST,Inhibitory
Cell_00484,Cell_00484,2124.0699669967,3812.059185918592,eL6-2,Excitatory
Cell_00485,Cell_00485,2132.80057255456,5413.996319292114,eL6-1,Excitatory
Cell_00486,Cell_00486,2126.9429719644054,8682.971725193762,PVALB,Inhibitory
Cell_00487,Cell_00487,2137.1695804769247,10433.53763899367,eL2/3,Excitatory
Cell_00488,Cell_00488,2127.005311904113,12316.578089530554,eL4,Excitatory
Cell_00492,Cell_00492,2163.4738329548322,11364.6960888216,Oligo,Non-neuronal
Cell_00493,Cell_00493,2149.4633296372563,11064.726384708802,eL2/3,Excitatory
Cell_00494,Cell_00494,2182.8433125972006,2620.13862968723,Oligo,Non-neuronal
Cell_00495,Cell_00495,2185.2718685831624,8496.021765913758,eL4,Excitatory
Cell_00496,Cell_00496,2176.772833485726,12201.394696738798,eL2/3,Excitatory
Cell_00497,Cell_00497,2183.4504084014,6304.272741109025,Micro,Non-neuronal
Cell_00499,Cell_00499,2246.767949435428,5189.623860157356,eL6-2,Excitatory
Cell_00500,Cell_00500,2189.509691060731,3177.2049806178784,Astro,Non-neuronal
Cell_00502,Cell_00502,2206.336791613894,13042.421541944002,Reln,Inhibitory
Cell_00503,Cell_00503,2216.7566052842276,3705.1120896717375,eL6-2,Excitatory
Cell_00504,Cell_00504,2217.9689373554265,9477.672614832649,eL4,Excitatory
Cell_00505,Cell_00505,2222.635944052008,7248.250865392733,eL5,Excitatory
Cell_00506,Cell_00506,2212.610266693403,7624.078644475637,eL4,Excitatory
Cell_00507,Cell_00507,2257.276474862919,2081.3231816079806,Oligo,Non-neuronal
Cell_00508,Cell_00508,2217.8636169099814,8784.93323505635,eL4,Excitatory
Cell_00509,Cell_00509,2205.416488181004,4035.5889248023677,eL6-2,Excitatory
Cell_00510,Cell_00510,2249.071796621737,11604.559972700905,eL2/3,Excitatory
Cell_00511,Cell_00511,2230.532759479263,3560.021199402433,eL6-2,Excitatory
Cell_00513,Cell_00513,2262.3674778666436,6576.766605363329,eL6-1,Excitatory
Cell_00514,Cell_00514,2282.498119800965,12233.935237588787,eL2/3,Excitatory
Cell_00515,Cell_00515,2276.3574971683006,10307.791235402101,eL4,Excitatory
Cell_00516,Cell_00516,2279.929575136386,6417.2165647214415,Endo,Non-neuronal
Cell_00517,Cell_00517,2294.6060115750824,1581.4925633206797,Oligo,Non-neuronal
Cell_00518,Cell_00518,2298.1801054690823,10558.71812537212,eL2/3,Excitatory
Cell_00519,Cell_00519,2306.617523930766,6947.637525399662,Astro,Non-neuronal
Cell_00520,Cell_00520,2302.7943220982534,9010.966353174836,eL4,Excitatory
Cell_00521,Cell_00521,2301.763275394674,3166.3875777387975,Endo,Non-neuronal
Cell_00522,Cell_00522,2277.1313954862344,12545.926479971642,eL2/3,Excitatory
Cell_00523,Cell_00523,2300.6416842105264,3356.3993684210527,eL6-2,Excitatory
Cell_00524,Cell_00524,2318.858218240637,3607.285243249969,eL6-2,Excitatory
Cell_00526,Cell_00526,2302.8447035618983,9188.236512356421,Endo,Non-neuronal
Cell_00527,Cell_00527,2342.230695900858,1357.3006037496027,Astro,Non-neuronal
Cell_00528,Cell_00528,2311.1021444458434,8217.042637122833,eL4,Excitatory
Cell_00529,Cell_00529,2317.1535692861426,9380.862027594481,eL4,Excitatory
Cell_00530,Cell_00530,2320.6014149716484,9794.001456588461,eL4,Excitatory
Cell_00531,Cell_00531,2373.467845256415,11382.334001359912,eL4,Excitatory
Cell_00533,Cell_00533,2358.057090890719,4021.1535896529076,eL6-2,Excitatory
Cell_00534,Cell_00534,2363.556545187122,1433.9199215558099,Oligo,Non-neuronal
Cell_00535,Cell_00535,2359.5141698215252,10183.901622498648,eL4,Excitatory
Cell_00536,Cell_00536,2367.4846854304637,12979.17099544702,Astro,Non-neuronal
Cell_00537,Cell_00537,2385.187655322818,2676.5566769792563,Oligo,Non-neuronal
Cell_00538,Cell_00538,2384.8474071801165,6299.526419146978,eL5,Excitatory
Cell_00539,Cell_00539,2382.2185217141214,10913.24751222318,eL4,Excitatory
Cell_00540,Cell_00540,2394.6819473090245,3861.9744717282174,eL6-2,Excitatory
Cell_00541,Cell_00541,2402.255124357866,9879.706016987946,eL4,Excitatory
Cell_00543,Cell_00543,2418.077575845868,11910.411625450704,eL2/3,Excitatory
Cell_00544,Cell_00544,2397.136955545577,56.796475078581054,HPC,Excitatory
Cell_00546,Cell_00546,2400.143997651893,12793.886234223657,eL2/3,Excitatory
Cell_00547,Cell_00547,2403.217498603092,4897.680806481654,eL6-2,Excitatory
Cell_00548,Cell_00548,2435.4258191349936,9065.103145478375,eL4,Excitatory
Cell_00549,Cell_00549,2442.4463266866655,1519.775072054585,Oligo,Non-neuronal
Cell_00550,Cell_00550,2476.581853426713,12339.975925462732,Endo,Non-neuronal
Cell_00551,Cell_00551,2480.7585536311153,8971.45256760863,eL4,Excitatory
Cell_00552,Cell_00552,2481.3356637088823,8762.017298556959,Endo,Non-neuronal
Cell_00553,Cell_00553,2477.9023233760076,10775.797955850587,VIP,Inhibitory
Cell_00554,Cell_00554,2468.329309488326,5875.07868852459,eL5,Excitatory
Cell_00555,Cell_00555,2491.5673732490395,9214.418371141688,eL4,Excitatory
Cell_00556,Cell_00556,2481.914800259453,7949.356976611088,eL4,Excitatory
Cell_00557,Cell_00557,2507.4260262145826,8375.271878188525,eL4,Excitatory
Cell_00558,Cell_00558,2501.907357906584,4675.608398987057,eL6-1,Excitatory
Cell_00559,Cell_00559,2505.9441555627777,8619.853753656158,Astro,Non-neuronal
Cell_00560,Cell_00560,2515.3481438738218,10357.302654356607,Astro,Non-neuronal
Cell_00561,Cell_00561,2515.1837504649557,10908.300122216908,Endo,Non-neuronal
Cell_00562,Cell_00562,2518.036210985067,9323.36140485804,eL4,Excitatory
Cell_00563,Cell_00563,2542.120059255269,11593.626422463134,Astro,Non-neuronal
Cell_00564,Cell_00564,2543.315616706244,11701.318829445454,eL2/3,Excitatory
Cell_00565,Cell_00565,2527.96724187166,6260.788397992902,eL6-2,Excitatory
Cell_00566,Cell_00566,2567.1090173808293,3188.882249182585,eL6-2,Excitatory
Cell_00567,Cell_00567,2578.2832650233795,1894.2250187611846,Oligo,Non-neuronal
Cell_00568,Cell_00568,2592.4453219402726,7833.776540652511,eL4,Excitatory
Cell_00569,Cell_00569,2568.470474175921,5160.499735589635,Reln,Inhibitory
Cell_00570,Cell_00570,2604.1309498496403,4750.559976914432,eL6-2,Excitatory
Cell_00572,Cell_00572,2577.8192529293715,9406.123972292355,eL4,Excitatory
Cell_00574,Cell_00574,2588.3018989675516,9640.303373893805,eL4,Excitatory
Cell_00575,Cell_00575,2600.2797821307217,10758.184289426345,VIP,Inhibitory
Cell_00576,Cell_00576,2600.379061371841,12354.714457624204,eL2/3,Excitatory
Cell_00577,Cell_00577,2602.215423657127,3543.3048075567463,eL6-1,Excitatory
Cell_00579,Cell_00579,2617.7307190489996,11423.227783415483,eL2/3,Excitatory
Cell_00580,Cell_00580,2625.934426229508,4380.546015770907,Astro,Non-neuronal
Cell_00581,Cell_00581,2609.6089294287085,8859.519299087855,eL4,Excitatory
Cell_00583,Cell_00583,2634.4453075886845,11070.157117198025,eL2/3,Excitatory
Cell_00584,Cell_00584,2619.7217851797845,12081.764841321616,eL2/3,Excitatory
Cell_00587,Cell_00587,2650.385604919679,8246.641001506025,Oligo,Non-neuronal
Cell_00588,Cell_00588,2634.552702539542,8470.13893025315,eL4,Excitatory
Cell_00590,Cell_00590,2662.7124583146683,6267.937185804589,eL6-2,Excitatory
Cell_00591,Cell_00591,2635.1210414808206,6510.625669045495,eL5,Excitatory
Cell_00592,Cell_00592,2640.2403309057486,7153.176270946758,Astro,Non-neuronal
Cell_00593,Cell_00593,2654.794944586996,12681.634820112464,eL2/3,Excitatory
Cell_00594,Cell_00594,2696.457459696207,8105.333286739353,Astro,Non-neuronal
Cell_00595,Cell_00595,2676.173517465475,7388.566165718928,eL5,Excitatory
Cell_00596,Cell_00596,2686.6141363802117,3604.5446092135653,SST,Inhibitory
Cell_00598,Cell_00598,2700.224667690869,10480.248647384944,eL2/3,Excitatory
Cell_00599,Cell_00599,2688.5983486145587,12540.942860037485,eL2/3,Excitatory
Cell_00600,Cell_00600,2704.915770337828,5183.156844922487,eL6-1,Excitatory
Cell_00601,Cell_00601,2696.002208317998,5835.864819391135,eL5,Excitatory
Cell_00602,Cell_00602,2715.613074692807,9499.308780891895,Micro,Non-neuronal
Cell_00603,Cell_00603,2723.030044030044,1302.519166019166,Oligo,Non-neuronal
Cell_00604,Cell_00604,2713.1255170339173,9599.84628111604,eL2/3,Excitatory
Cell_00605,Cell_00605,2707.8997384481254,12245.15578396733,eL2/3,Excitatory
Cell_00606,Cell_00606,2718.9851034346234,13766.040384044343,Oligo,Non-neuronal
Cell_00608,Cell_00608,2725.6951166180756,13659.665962099125,Astro,Non-neuronal
Cell_00609,Cell_00609,2720.1506138392856,7883.186997767857,Endo,Non-neuronal
Cell_00610,Cell_00610,2727.0021352313165,9169.415213523132,eL4,Excitatory
Cell_00611,Cell_00611,2730.176918199112,12035.212904248574,eL2/3,Excitatory
Cell_00612,Cell_00612,2753.1588162856924,10107.57192334334,eL2/3,Excitatory
Cell_00613,Cell_00613,2762.6715244707098,7146.9185265936085,eL6-1,Excitatory
Cell_00614,Cell_00614,2749.4630005155527,4501.693933665579,eL6-2,Excitatory
Cell_00615,Cell_00615,2755.9526752231554,13152.81228542756,Micro,Non-neuronal
Cell_00616,Cell_00616,2774.296157950907,8902.434525080043,Astro,Non-neuronal
Cell_00617,Cell_00617,2761.8172344295335,11024.439561519934,Astro,Non-neuronal
Cell_00618,Cell_00618,2773.760800088164,4278.245867313202,Micro,Non-neuronal
Cell_00619,Cell_00619,2756.5185273442153,6125.49839151674,Oligo,Non-neuronal
Cell_00620,Cell_00620,2755.24485710341,3308.459788761563,eL6-2,Excitatory
Cell_00621,Cell_00621,2762.8004167850713,7457.7196646774655,eL6-1,Excitatory
Cell_00622,Cell_00622,2774.235114871096,9888.003608516097,eL2/3,Excitatory
Cell_00624,Cell_00624,2805.5304238355016,10876.802909497832,eL2/3,Excitatory
Cell_00625,Cell_00625,2814.2448109637066,12590.237799290864,eL2/3,Excitatory
Cell_00626,Cell_00626,2823.621359223301,7895.625663589842,eL4,Excitatory
Cell_00627,Cell_00627,2836.9644866867966,8243.272920669777,Endo,Non-neuronal
Cell_00628,Cell_00628,2819.30958150501,5898.841770908376,Astro,Non-neuronal
Cell_00629,Cell_00629,2828.540111772129,6639.10510185686,Oligo,Non-neuronal
Cell_00630,Cell_00630,2823.883220651506,2876.790802927865,Oligo,Non-neuronal
Cell_00631,Cell_00631,2821.1651846905424,11668.687449478086,eL2/3,Excitatory
Cell_00632,Cell_00632,2835.134236242071,6494.3817932453285,Astro,Non-neuronal
Cell_00633,Cell_00633,2856.5571606475714,2423.9146533831467,Oligo,Non-neuronal
Cell_00634,Cell_00634,2841.6495562726905,3480.7603872529244,eL6-1,Excitatory
Cell_00636,Cell_00636,2835.816769180965,6720.130916154095,Oligo,Non-neuronal
Cell_00637,Cell_00637,2851.625966397443,7023.097568349674,eL4,Excitatory
Cell_00638,Cell_00638,2860.3141135358724,10540.233490229639,eL2/3,Excitatory
Cell_00639,Cell_00639,2869.3089104941364,13118.952590959207,Reln,Inhibitory
Cell_00641,Cell_00641,2862.7769464446446,10007.907065706571,eL4,Excitatory
Cell_00642,Cell_00642,2864.191277218488,11886.481489820206,eL4,Excitatory
Cell_00643,Cell_00643,2883.394956424995,9342.740478397924,eL4,Excitatory
Cell_00645,Cell_00645,2889.4165539720516,11330.104060473665,Oligo,Non-neuronal
Cell_00646,Cell_00646,2884.2093525179857,153.16978417266188,HPC,Excitatory
Cell_00647,Cell_00647,2901.769071794411,8815.986072423399,eL4,Excitatory
Cell_00648,Cell_00648,2895.4849587578847,9542.045269286755,eL4,Excitatory
Cell_00650,Cell_00650,2913.063014877659,3882.5834255502273,eL5,Excitatory
Cell_00651,Cell_00651,2948.4211999300333,2398.603375896449,Oligo,Non-neuronal
Cell_00652,Cell_00652,2934.131654538491,8501.546103025661,eL4,Excitatory
Cell_00653,Cell_00653,2967.259016850021,12926.02696931718,Endo,Non-neuronal
Cell_00654,Cell_00654,2963.4027246528685,3129.341524757663,Oligo,Non-neuronal
Cell_00655,Cell_00655,2940.752010875722,788.2033155847589,eL5,Excitatory
Cell_00656,Cell_00656,2968.1242622071186,629.8147021999642,Micro,Non-neuronal
Cell_00657,Cell_00657,2972.3933148368346,139.79772757299511,Oligo,Non-neuronal
Cell_00658,Cell_00658,2972.7917057902973,2617.7005477308294,Oligo,Non-neuronal
Cell_00660,Cell_00660,2987.0834653988377,9938.92293977813,Micro,Non-neuronal
Cell_00661,Cell_00661,2975.628659611993,10407.896252204586,eL4,Excitatory
Cell_00662,Cell_00662,2990.079326355552,4379.092704808373,eL6-1,Excitatory
Cell_00663,Cell_00663,2981.7343072629014,10044.187956529486,Micro,Non-neuronal
Cell_00664,Cell_00664,2986.6988847583643,5883.443242166755,eL6-2,Excitatory
Cell_00665,Cell_00665,2986.1155079750347,4932.75169036061,eL6-2,Excitatory
Cell_00666,Cell_00666,2967.600984270964,11722.59234777574,Endo,Non-neuronal
Cell_00667,Cell_00667,3006.0455285465673,10839.36055128277,eL2/3,Excitatory
Cell_00669,Cell_00669,3002.1064618359565,2835.458720524252,Oligo,Non-neuronal
Cell_00670,Cell_00670,2999.802418841502,11273.085073201783,PVALB,Inhibitory
Cell_00671,Cell_00671,3001.374873998621,12515.513342882912,eL2/3,Excitatory
Cell_00672,Cell_00672,3013.925911385306,1547.1496354458777,Oligo,Non-neuronal
Cell_00673,Cell_00673,3048.4453785009778,1244.6431395397228,Astro,Non-neuronal
Cell_00674,Cell_00674,3012.4351887007365,13673.54529577037,Astro,Non-neuronal
Cell_00676,Cell_00676,3024.4784446322906,3691.8250815118945,eL6-2,Excitatory
Cell_00677,Cell_00677,3035.8316580462574,9453.903776715137,eL4,Excitatory
Cell_00678,Cell_00678,3026.989014007141,8243.873990661907,eL4,Excitatory
Cell_00679,Cell_00679,3043.666459686664,2358.0693064577763,Oligo,Non-neuronal
Cell_00680,Cell_00680,3058.446526483897,3817.7915890338036,eL6-2,Excitatory
Cell_00681,Cell_00681,3061.6869822485205,8978.076134122288,eL4,Excitatory
Cell_00682,Cell_00682,3050.1325918079096,9279.678230932202,PVALB,Inhibitory
Cell_00683,Cell_00683,3068.4330378470195,10130.150963426933,Oligo,Non-neuronal
Cell_00684,Cell_00684,3068.518192057196,12377.327016306743,eL2/3,Excitatory
Cell_00685,Cell_00685,3067.2795031055903,8573.483808719773,eL4,Excitatory
Cell_00686,Cell_00686,3085.2604544922106,2728.1598922338057,Reln,Inhibitory
Cell_00687,Cell_00687,3070.5323821421525,9121.914787296995,eL4,Excitatory
Cell_00688,Cell_00688,3086.247946768061,752.2757794676806,eL6-2,Excitatory
Cell_00689,Cell_00689,3095.052125624154,2569.6102011293106,Oligo,Non-neuronal
Cell_00690,Cell_00690,3076.2505621705313,5730.760681240093,PVALB,Inhibitory
Cell_00691,Cell_00691,3106.5624133834885,5889.51979805979,SST,Inhibitory
Cell_00692,Cell_00692,3104.644058488364,3605.783277270543,eL6-1,Excitatory
Cell_00693,Cell_00693,3087.3010042646856,8421.82225890769,eL4,Excitatory
Cell_00694,Cell_00694,3089.067375886525,1971.5562997986167,Oligo,Non-neuronal
Cell_00695,Cell_00695,3111.867838138844,5281.154065090954,Micro,Non-neuronal
Cell_00696,Cell_00696,3119.364126213592,12520.830922330097,eL2/3,Excitatory
Cell_00697,Cell_00697,3109.734607906675,5162.241007777057,Micro,Non-neuronal
Cell_00698,Cell_00698,3102.6895380434785,12843.98581861413,Astro,Non-neuronal
Cell_00699,Cell_00699,3115.296882682663,3109.3718163044546,eL6-2,Excitatory
Cell_00700,Cell_00700,3126.322110878812,6561.9608535794105,eL5,Excitatory
Cell_00701,Cell_00701,3152.971414702551,7830.611671430883,SST,Inhibitory
Cell_00702,Cell_00702,3156.9946757240555,964.340937256162,Astro,Non-neuronal
Cell_00704,Cell_00704,3152.707747948254,8632.113784949228,eL4,Excitatory
Cell_00705,Cell_00705,3134.1131629701063,10847.155834136933,eL2/3,Excitatory
Cell_00708,Cell_00708,3176.6765599772057,10537.95958780511,Micro,Non-neuronal
Cell_00709,Cell_00709,3208.6459612432845,4695.36176132003,Endo,Non-neuronal
Cell_00710,Cell_00710,3194.7172255437135,7599.758079889091,Oligo,Non-neuronal
Cell_00711,Cell_00711,3199.390687361419,13191.121008869179,Endo,Non-neuronal
Cell_00713,Cell_00713,3211.808976428802,3493.9919276719406,eL6-2,Excitatory
Cell_00714,Cell_00714,3218.7018133445354,1957.646922915354,Oligo,Non-neuronal
Cell_00715,Cell_00715,3240.326354088007,2296.2310702272257,Oligo,Non-neuronal
Cell_00716,Cell_00716,3237.3429625371277,9433.626521030948,eL4,Excitatory
Cell_00719,Cell_00719,3222.5469261045514,4851.737790343145,eL6-1,Excitatory
Cell_00720,Cell_00720,3261.2718144659675,3163.127510218589,eL5,Excitatory
Cell_00722,Cell_00722,3251.387791873506,9179.914874057731,eL4,Excitatory
Cell_00723,Cell_00723,3292.023158914729,5420.877745478037,eL6-2,Excitatory
Cell_00725,Cell_00725,3276.1953125,3398.5598958333335,eL6-2,Excitatory
Cell_00726,Cell_00726,3294.9179721005826,4023.7366710306533,Endo,Non-neuronal
Cell_00728,Cell_00728,3289.026277177538,3834.500066693344,eL6-2,Excitatory
Cell_00730,Cell_00730,3307.9735134419284,2607.8250893921336,Oligo,Non-neuronal
Cell_00732,Cell_00732,3300.910895992796,8987.674425934263,eL4,Excitatory
Cell_00735,Cell_00735,3353.1290962026883,4817.730285572694,Astro,Non-neuronal
Cell_00737,Cell_00737,3345.1100704986366,12381.584829928472,eL2/3,Excitatory
Cell_00738,Cell_00738,3324.5036433969053,2867.6110561353003,Oligo,Non-neuronal
Cell_00739,Cell_00739,3372.49313430374,8490.711434580016,eL4,Excitatory
Cell_00740,Cell_00740,3368.3859275053305,13336.230149253732,Micro,Non-neuronal
Cell_00741,Cell_00741,3374.0822478991595,3517.274737394958,Endo,Non-neuronal
Cell_00742,Cell_00742,3367.2023857057297,8228.23807147135,eL4,Excitatory
Cell_00743,Cell_00743,3369.2414004914003,2287.453808353808,Oligo,Non-neuronal
Cell_00744,Cell_00744,3367.3803281919872,3293.5694574483814,eL6-2,Excitatory
Cell_00745,Cell_00745,3355.6262683916793,7617.107940131913,eL4,Excitatory
Cell_00746,Cell_00746,3418.905993306967,6150.335023493222,eL5,Excitatory
Cell_00747,Cell_00747,3400.29711535862,6928.143421017059,eL5,Excitatory
Cell_00748,Cell_00748,3414.77601103314,1369.3969090982841,Astro,Non-neuronal
Cell_00749,Cell_00749,3414.199081592653,7824.126729013832,Astro,Non-neuronal
Cell_00750,Cell_00750,3446.2591495425227,13568.302459877006,Oligo,Non-neuronal
Cell_00751,Cell_00751,3478.282483997007,2826.7049630060687,Oligo,Non-neuronal
Cell_00752,Cell_00752,3460.2812548921383,10959.170543849212,eL2/3,Excitatory
Cell_00753,Cell_00753,3460.967363733724,6394.79009075024,eL4,Excitatory
Cell_00754,Cell_00754,3482.4470727606235,7990.409354937328,SST,Inhibitory
Cell_00755,Cell_00755,3489.1977037749457,2258.627073815821,Oligo,Non-neuronal
Cell_00757,Cell_00757,3469.077297925608,7090.425116237482,Astro,Non-neuronal
Cell_00758,Cell_00758,3543.6117395944502,3410.134151547492,Astro,Non-neuronal
Cell_00761,Cell_00761,3496.2567906655795,9857.723982184305,eL4,Excitatory
Cell_00762,Cell_00762,3495.6934961569973,9392.922944871445,eL4,Excitatory
Cell_00763,Cell_00763,3497.6942675159235,1501.3238988068538,Oligo,Non-neuronal
Cell_00764,Cell_00764,3515.3965010063475,8820.197089332714,eL4,Excitatory
Cell_00765,Cell_00765,3524.9641472353533,4729.7924257714985,eL6-2,Excitatory
Cell_00767,Cell_00767,3519.2669529926316,8236.942511525276,eL4,Excitatory
Cell_00768,Cell_00768,3520.751100194453,12119.741650462252,eL2/3,Excitatory
Cell_00769,Cell_00769,3538.7068635493574,5463.881487558107,Astro,Non-neuronal
Cell_00770,Cell_00770,3533.610872313527,6352.536599241466,Micro,Non-neuronal
Cell_00771,Cell_00771,3553.2972918104674,8686.976694141053,eL4,Excitatory
Cell_00772,Cell_00772,3569.81744920737,7471.354924142106,Astro,Non-neuronal
Cell_00774,Cell_00774,3555.4040670108525,8911.174744494785,eL4,Excitatory
Cell_00775,Cell_00775,3567.887342043264,4185.253319768687,eL6-2,Excitatory
Cell_00776,Cell_00776,3569.700834253466,7130.722304011778,Astro,Non-neuronal
Cell_00777,Cell_00777,3558.2161165572443,11851.669934346613,eL2/3,Excitatory
Cell_00778,Cell_00778,3575.227109729859,11246.724559725875,eL2/3,Excitatory
Cell_00779,Cell_00779,3568.8437452407784,12516.297523681886,eL2/3,Excitatory
Cell_00780,Cell_00780,3618.7118041387353,5946.968055960361,Endo,Non-neuronal
Cell_00781,Cell_00781,3605.9641615782057,3807.4184593705963,eL6-2,Excitatory
Cell_00782,Cell_00782,3607.852504995968,1103.2289380499947,Astro,Non-neuronal
Cell_00784,Cell_00784,3609.4439001156697,7270.183200653195,eL4,Excitatory
Cell_00785,Cell_00785,3611.831499667725,1601.9652957247285,Endo,Non-neuronal
Cell_00786,Cell_00786,3657.3498250138146,4482.72179038497,eL6-2,Excitatory
Cell_00787,Cell_00787,3636.806261572126,4799.313381585592,PVALB,Inhibitory
Cell_00788,Cell_00788,3633.9874550196428,738.7914231950084,eL5,Excitatory
Cell_00789,Cell_00789,3652.2425664527955,7679.134628780935,eL4,Excitatory
Cell_00790,Cell_00790,3671.1820522908542,11784.41925676884,Micro,Non-neuronal
Cell_00791,Cell_00791,3657.1367346938778,12202.976982268317,Astro,Non-neuronal
Cell_00792,Cell_00792,3653.1263004439734,6667.059836988934,eL5,Excitatory
Cell_00793,Cell_00793,3621.2846321864417,2969.7603951666233,Oligo,Non-neuronal
Cell_00795,Cell_00795,3664.417751518793,7952.439248280926,eL4,Excitatory
Cell_00797,Cell_00797,3671.052660026253,12375.090340514245,eL2/3,Excitatory
Cell_00798,Cell_00798,3695.358570704906,10333.018353271247,eL2/3,Excitatory
Cell_00799,Cell_00799,3709.4664857055295,6525.965982224946,eL5,Excitatory
Cell_00800,Cell_00800,3712.835209572359,10033.637036250355,eL2/3,Excitatory
Cell_00801,Cell_00801,3723.5214710536366,1651.940743165821,Oligo,Non-neuronal
Cell_00802,Cell_00802,3714.0857780612246,3609.4793792517007,eL6-2,Excitatory
Cell_00803,Cell_00803,3762.9867658677904,5773.305833552805,eL4,Excitatory
Cell_00804,Cell_00804,3728.040718769798,8453.771813626678,eL2/3,Excitatory
Cell_00805,Cell_00805,3744.232493606834,3776.402959899886,eL6-2,Excitatory
Cell_00806,Cell_00806,3742.9891386475256,8712.713638080846,eL4,Excitatory
Cell_00807,Cell_00807,3744.645924060969,9047.867991290146,eL2/3,Excitatory
Cell_00808,Cell_00808,3735.348856651094,8203.847209245143,Astro,Non-neuronal
Cell_00809,Cell_00809,3762.574696105185,8582.778913420987,eL4,Excitatory
Cell_00810,Cell_00810,3775.660066405071,5417.186598249321,Reln,Inhibitory
Cell_00811,Cell_00811,3763.2019034670293,9408.94731475187,Reln,Inhibitory
Cell_00812,Cell_00812,3774.3969880261698,6032.546969509937,eL5,Excitatory
Cell_00813,Cell_00813,3795.349040887239,9550.156980341759,eL4,Excitatory
Cell_00814,Cell_00814,3810.0694661255075,672.3368716827973,eL5,Excitatory
Cell_00815,Cell_00815,3796.8858217624606,3902.030204126791,eL2/3,Excitatory
Cell_00816,Cell_00816,3809.1690504220624,4230.941938231095,PVALB,Inhibitory
Cell_00817,Cell_00817,3791.6805194805197,5895.484719535783,Astro,Non-neuronal
Cell_00818,Cell_00818,3811.685832869363,9276.418332742825,eL4,Excitatory
Cell_00819,Cell_00819,3808.4009031402766,3048.6249896428867,Oligo,Non-neuronal
Cell_00820,Cell_00820,3811.354298215085,6704.930691592503,Micro,Non-neuronal
Cell_00821,Cell_00821,3808.8283423720823,12560.932523775838,eL2/3,Excitatory
Cell_00822,Cell_00822,3816.279203400504,10333.050259760705,eL2/3,Excitatory
Cell_00823,Cell_00823,3810.7020247267515,1844.4274323597922,Oligo,Non-neuronal
Cell_00824,Cell_00824,3841.228692650056,2236.4384177030906,Oligo,Non-neuronal
Cell_00825,Cell_00825,3832.4850203295528,108.01540766103146,Endo,Non-neuronal
Cell_00826,Cell_00826,3826.68994714425,1438.3206240057475,Astro,Non-neuronal
Cell_00827,Cell_00827,3829.4031807436063,8879.554695895122,eL4,Excitatory
Cell_00828,Cell_00828,3838.770495691359,3578.1234880227685,eL6-2,Excitatory
Cell_00829,Cell_00829,3819.146733486839,7448.770508826584,Astro,Non-neuronal
Cell_00830,Cell_00830,3822.1405789473683,10576.75194736842,eL2/3,Excitatory
Cell_00832,Cell_00832,3841.6976118140215,6302.396338883975,eL6-1,Excitatory
Cell_00833,Cell_00833,3845.9296621533936,12992.620841804732,Endo,Non-neuronal
Cell_00835,Cell_00835,3874.883493418712,2725.0833333333335,Micro,Non-neuronal
Cell_00836,Cell_00836,3865.109567585972,3774.1186925434117,eL6-2,Excitatory
Cell_00837,Cell_00837,3865.1050023128264,4009.71320954206,eL6-2,Excitatory
Cell_00838,Cell_00838,3894.057625057017,10959.01313668846,eL2/3,Excitatory
Cell_00840,Cell_00840,3914.921598905826,9777.32463435618,eL2/3,Excitatory
Cell_00841,Cell_00841,3842.2632280604976,12823.947593435389,Astro,Non-neuronal
Cell_00842,Cell_00842,3885.929343542394,1749.1158090305146,Oligo,Non-neuronal
Cell_00843,Cell_00843,3904.619699042408,3282.6495668034654,eL6-2,Excitatory
Cell_00844,Cell_00844,3897.4433801143537,5861.07499814361,Astro,Non-neuronal
Cell_00845,Cell_00845,3892.388741320658,7759.277459341069,eL4,Excitatory
Cell_00846,Cell_00846,3894.467433638924,1063.2117562466294,Endo,Non-neuronal
Cell_00847,Cell_00847,3914.2666580952073,11682.884092443188,eL2/3,Excitatory
Cell_00848,Cell_00848,3933.7135798933086,6156.4939314739895,Astro,Non-neuronal
Cell_00850,Cell_00850,3923.460747082787,7133.851342953808,eL5,Excitatory
Cell_00851,Cell_00851,3866.35525758645,13123.788228652082,Endo,Non-neuronal
Cell_00852,Cell_00852,3925.994064378662,5178.4654135910505,Reln,Inhibitory
Cell_00853,Cell_00853,3939.730183768436,7322.985408943923,PVALB,Inhibitory
Cell_00854,Cell_00854,3961.0973317296985,8919.350394226914,Reln,Inhibitory
Cell_00855,Cell_00855,3937.316738269733,3863.6654873220455,eL6-2,Excitatory
Cell_00856,Cell_00856,3981.253358701561,8513.791838161062,eL4,Excitatory
Cell_00857,Cell_00857,3975.5589134900706,12887.398082629537,Endo,Non-neuronal
Cell_00858,Cell_00858,3939.2093023255816,782.412162597436,Astro,Non-neuronal
Cell_00859,Cell_00859,3982.05895119503,12078.410949241746,eL6-1,Excitatory
Cell_00860,Cell_00860,3958.6381095838824,7935.386518546413,eL4,Excitatory
Cell_00861,Cell_00861,3967.9343212357153,9099.131545899787,eL4,Excitatory
Cell_00863,Cell_00863,3970.447490742929,3750.0481367682974,eL6-2,Excitatory
Cell_00864,Cell_00864,3998.2376492942453,1034.226384364821,Astro,Non-neuronal
Cell_00865,Cell_00865,3992.3423379316305,4769.4274400253435,Oligo,Non-neuronal
Cell_00866,Cell_00866,3998.9921431689218,9235.258140549979,eL4,Excitatory
Cell_00867,Cell_00867,3988.73537985061,3456.8155401712515,eL6-2,Excitatory
Cell_00868,Cell_00868,4008.238635504122,12491.708645336965,eL2/3,Excitatory
Cell_00869,Cell_00869,4012.1302494532783,10157.439786500612,eL2/3,Excitatory
Cell_00870,Cell_00870,4038.88435150118,10538.738789176135,VIP,Inhibitory
Cell_00871,Cell_00871,4043.6668601651186,748.4462719298245,Oligo,Non-neuronal
Cell_00872,Cell_00872,4023.0306096873237,5588.019769409111,Reln,Inhibitory
Cell_00873,Cell_00873,4026.507804339392,11490.644790640761,eL2/3,Excitatory
Cell_00874,Cell_00874,4035.4541857798167,1772.644380733945,Oligo,Non-neuronal
Cell_00875,Cell_00875,4025.356562328391,8191.038769906645,eL4,Excitatory
Cell_00876,Cell_00876,4081.3454567230915,11777.84633503673,Micro,Non-neuronal
Cell_00877,Cell_00877,4060.636914352001,271.6287620029645,Micro,Non-neuronal
Cell_00878,Cell_00878,4059.9462757239116,3342.2850573666,eL6-2,Excitatory
Cell_00879,Cell_00879,4056.0281504024347,5852.138549633604,eL6-1,Excitatory
Cell_00880,Cell_00880,4061.3260340632605,7719.53205760505,PVALB,Inhibitory
Cell_00881,Cell_00881,4043.078739832363,6884.285560923242,eL5,Excitatory
Cell_00882,Cell_00882,4071.1742855819552,9016.514427307675,eL4,Excitatory
Cell_00883,Cell_00883,4068.428282828283,10429.488068181818,VIP,Inhibitory
Cell_00884,Cell_00884,4064.546273745738,1366.691427179737,Oligo,Non-neuronal
Cell_00886,Cell_00886,4066.948555741227,10954.612974456912,eL2/3,Excitatory
Cell_00887,Cell_00887,4090.966642606723,8054.2256135285625,eL4,Excitatory
Cell_00888,Cell_00888,4119.050014563309,520.0736071235385,HPC,Excitatory
Cell_00889,Cell_00889,4055.9755249736445,8786.693620537368,eL4,Excitatory
Cell_00890,Cell_00890,4122.946661210013,7196.321908464634,Oligo,Non-neuronal
Cell_00891,Cell_00891,4125.408718758978,8234.372737719046,eL4,Excitatory
Cell_00892,Cell_00892,4105.897793214452,11660.28853403363,eL2/3,Excitatory
Cell_00893,Cell_00893,4116.463076551558,2319.6146824438542,Oligo,Non-neuronal
Cell_00894,Cell_00894,4104.684522739529,8336.307028581701,Endo,Non-neuronal
Cell_00895,Cell_00895,4114.55939926834,9305.39175919389,Endo,Non-neuronal
Cell_00897,Cell_00897,4135.830633512175,3783.48225340487,Oligo,Non-neuronal
Cell_00898,Cell_00898,4178.390568319226,5578.880079911676,SST,Inhibitory
Cell_00899,Cell_00899,4156.292058420812,12762.891054313099,Endo,Non-neuronal
Cell_00900,Cell_00900,4167.933231127088,1439.41689574963,Oligo,Non-neuronal
Cell_00901,Cell_00901,4168.474000134889,1985.5217171376544,Astro,Non-neuronal
Cell_00902,Cell_00902,4220.8890635298885,2951.0946610556202,eL6-1,Excitatory
Cell_00903,Cell_00903,4179.941776227529,7337.274406838131,Oligo,Non-neuronal
Cell_00904,Cell_00904,4187.108966861599,4685.492397660819,eL6-2,Excitatory
Cell_00905,Cell_00905,4214.54065877509,3669.961091096243,eL6-2,Excitatory
Cell_00906,Cell_00906,4209.015421751375,4449.727996066335,eL6-2,Excitatory
Cell_00907,Cell_00907,4214.663499506417,6790.297630799605,eL5,Excitatory
Cell_00908,Cell_00908,4245.794390853876,11957.344885078004,eL2/3,Excitatory
Cell_00909,Cell_00909,4243.505355624823,10013.786001700199,Astro,Non-neuronal
Cell_00910,Cell_00910,4251.748891855807,7844.891001335113,eL6-1,Excitatory
Cell_00911,Cell_00911,4266.155013077594,8104.474934612032,eL4,Excitatory
Cell_00912,Cell_00912,4228.647506018499,10382.00836254593,eL2/3,Excitatory
Cell_00913,Cell_00913,4256.0287907073225,1356.266998548019,Oligo,Non-neuronal
Cell_00914,Cell_00914,4281.233139922001,5847.958099495862,Oligo,Non-neuronal
Cell_00915,Cell_00915,4260.01607006207,5332.54306606581,Oligo,Non-neuronal
Cell_00916,Cell_00916,4271.171404137482,12070.102826193192,eL2/3,Excitatory
Cell_00917,Cell_00917,4242.780460611129,9367.796592453225,eL4,Excitatory
Cell_00918,Cell_00918,4272.920073315223,10767.546983929566,eL2/3,Excitatory
Cell_00921,Cell_00921,4284.933691087261,11290.035090993933,eL2/3,Excitatory
Cell_00922,Cell_00922,4303.824214937712,5750.941156208738,Reln,Inhibitory
Cell_00923,Cell_00923,4289.637515762925,10252.275977301388,eL5,Excitatory
Cell_00924,Cell_00924,4299.386971710975,7737.191930811179,eL4,Excitatory
Cell_00925,Cell_00925,4304.8348606428945,8943.660747352928,eL2/3,Excitatory
Cell_00926,Cell_00926,4309.792703475841,12646.787178180963,Micro,Non-neuronal
Cell_00927,Cell_00927,4309.25598663449,6303.050603304251,PVALB,Inhibitory
Cell_00928,Cell_00928,4314.891490633719,9083.162116381029,eL4,Excitatory
Cell_00930,Cell_00930,4330.937317228227,6712.6366603093875,eL5,Excitatory
Cell_00931,Cell_00931,4352.741415586602,1948.3699293048307,Oligo,Non-neuronal
Cell_00932,Cell_00932,4373.87512188327,10098.50818359103,Astro,Non-neuronal
Cell_00933,Cell_00933,4325.8959481526845,8753.996938150643,eL4,Excitatory
Cell_00934,Cell_00934,4336.26565975881,2537.5755180892165,Oligo,Non-neuronal
Cell_00935,Cell_00935,4326.389862648626,10545.861418614186,eL2/3,Excitatory
Cell_00936,Cell_00936,4349.022068559659,505.1563925261145,HPC,Excitatory
Cell_00937,Cell_00937,4339.963223536936,11370.783754397185,eL2/3,Excitatory
Cell_00938,Cell_00938,4324.272182177712,9717.470657651336,SST,Inhibitory
Cell_00939,Cell_00939,4341.076057948913,9939.485369805567,eL2/3,Excitatory
Cell_00940,Cell_00940,4358.552076497609,3660.9940001874943,Oligo,Non-neuronal
Cell_00941,Cell_00941,4357.0884592266075,6479.992010619115,Astro,Non-neuronal
Cell_00942,Cell_00942,4362.059554206059,7993.258298254089,Reln,Inhibitory
Cell_00943,Cell_00943,4366.631365949433,5090.3202307969705,eL6-1,Excitatory
Cell_00944,Cell_00944,4379.427704223141,5594.584488984248,eL6-2,Excitatory
Cell_00945,Cell_00945,4384.267123579243,9282.318675237326,eL4,Excitatory
Cell_00946,Cell_00946,4365.377462537463,13005.224215784216,Reln,Inhibitory
Cell_00947,Cell_00947,4387.958868144691,11466.868311385231,eL2/3,Excitatory
Cell_00948,Cell_00948,4400.282842216483,4026.9263911716366,eL6-2,Excitatory
Cell_00949,Cell_00949,4374.919696098314,12262.636831431426,eL2/3,Excitatory
Cell_00950,Cell_00950,4379.162456005854,11857.508624594906,VIP,Inhibitory
Cell_00951,Cell_00951,4388.197637762179,3128.709638098441,eL6-2,Excitatory
Cell_00952,Cell_00952,4409.327734283711,10907.856566954895,eL2/3,Excitatory
Cell_00953,Cell_00953,4436.620332365602,4428.767043748123,Astro,Non-neuronal
Cell_00954,Cell_00954,4438.997713682729,5348.317915347638,Oligo,Non-neuronal
Cell_00955,Cell_00955,4435.666115884556,5698.067746199604,Astro,Non-neuronal
Cell_00956,Cell_00956,4457.631162928565,8476.76499357771,eL5,Excitatory
Cell_00957,Cell_00957,4449.125868178597,1048.8454996456414,Oligo,Non-neuronal
Cell_00958,Cell_00958,4444.022698665772,8161.66019132332,eL4,Excitatory
Cell_00959,Cell_00959,4446.922115811505,8604.72531236126,eL4,Excitatory
Cell_00960,Cell_00960,4458.298256123536,7998.739683173589,eL4,Excitatory
Cell_00961,Cell_00961,4441.630530973452,9095.53261856138,eL6-1,Excitatory
Cell_00962,Cell_00962,4457.843413826826,4914.179944331603,eL4,Excitatory
Cell_00963,Cell_00963,4459.4402874764255,9745.209134002753,eL4,Excitatory
Cell_00965,Cell_00965,4461.246796837179,10372.131967080846,eL2/3,Excitatory
Cell_00967,Cell_00967,4462.509912477101,2850.963281090983,Oligo,Non-neuronal
Cell_00968,Cell_00968,4484.15194011873,7353.469872953053,Astro,Non-neuronal
Cell_00969,Cell_00969,4502.871599443672,3300.3970514603616,eL6-2,Excitatory
Cell_00970,Cell_00970,4494.795172576992,5954.833000912748,eL6-2,Excitatory
Cell_00971,Cell_00971,4496.903962279758,12773.075481842998,Astro,Non-neuronal
Cell_00972,Cell_00972,4512.548662730114,7217.1020493226815,eL4,Excitatory
Cell_00973,Cell_00973,4523.458529874214,11523.030463836478,Astro,Non-neuronal
Cell_00974,Cell_00974,4522.6203321364455,1761.8012567324954,Astro,Non-neuronal
Cell_00975,Cell_00975,4532.3883096716945,6377.52802425318,PVALB,Inhibitory
Cell_00976,Cell_00976,4533.918141081906,2160.0767773825473,Oligo,Non-neuronal
Cell_00977,Cell_00977,4535.211528046421,4667.585570599613,eL6-2,Excitatory
Cell_00978,Cell_00978,4568.551406682547,1527.9428313912315,Astro,Non-neuronal
Cell_00979,Cell_00979,4585.121250350435,3020.7697645079897,eL5,Excitatory
Cell_00980,Cell_00980,4595.941677718833,2673.1640915119365,eL6-2,Excitatory
Cell_00981,Cell_00981,4606.870876768898,8958.317872790452,Astro,Non-neuronal
Cell_00982,Cell_00982,4606.0747533467065,12504.307201048021,eL2/3,Excitatory
Cell_00983,Cell_00983,4599.630461200162,875.4499160928187,Astro,Non-neuronal
Cell_00984,Cell_00984,4604.292249750766,8133.257246243031,eL4,Excitatory
Cell_00985,Cell_00985,4611.247095716628,1030.0868077827668,Astro,Non-neuronal
Cell_00986,Cell_00986,4601.05004642115,7737.279278482692,eL4,Excitatory
Cell_00987,Cell_00987,4608.4011418131995,12274.832792875086,Endo,Non-neuronal
Cell_00988,Cell_00988,4610.232474819171,3712.8639221253297,eL6-2,Excitatory
Cell_00989,Cell_00989,4615.532012290713,6594.734809054995,PVALB,Inhibitory
Cell_00990,Cell_00990,4603.150635608788,789.2481446101845,Astro,Non-neuronal
Cell_00991,Cell_00991,4617.030554005922,5386.76629618504,Endo,Non-neuronal
Cell_00992,Cell_00992,4635.883442228917,9737.27729442432,eL2/3,Excitatory
Cell_00993,Cell_00993,4639.493374902572,4308.290650632817,eL6-2,Excitatory
Cell_00994,Cell_00994,4620.636368191612,9161.504534749713,Micro,Non-neuronal
Cell_00995,Cell_00995,4613.8250964927,6711.153800973318,PVALB,Inhibitory
Cell_00996,Cell_00996,4595.155886358009,10022.468123297846,eL4,Excitatory
Cell_00998,Cell_00998,4655.707881957415,3258.6226586263942,eL6-2,Excitatory
Cell_00999,Cell_00999,4651.410669157235,4690.949620920778,eL5,Excitatory
Cell_01000,Cell_01000,4631.991016513214,1400.2865769560517,Oligo,Non-neuronal
Cell_01001,Cell_01001,4660.155789685602,10503.717276784217,eL6-1,Excitatory
Cell_01002,Cell_01002,4660.364142062474,11439.904257595208,eL2/3,Excitatory
Cell_01003,Cell_01003,4671.37610519795,4090.7993748944077,eL6-2,Excitatory
Cell_01004,Cell_01004,4685.837283473783,7869.895979634832,Astro,Non-neuronal
Cell_01005,Cell_01005,4693.144085591441,3735.951704829517,eL6-2,Excitatory
Cell_01006,Cell_01006,4693.20444737473,9277.507731958764,eL4,Excitatory
Cell_01007,Cell_01007,4696.772429838592,463.196161116766,Micro,Non-neuronal
Cell_01008,Cell_01008,4714.933305716653,10673.248412040874,eL6-1,Excitatory
Cell_01009,Cell_01009,4699.540573298588,8658.989515786921,eL4,Excitatory
Cell_01010,Cell_01010,4709.1822348664455,8795.684210526315,eL4,Excitatory
Cell_01011,Cell_01011,4720.446925954171,2944.235428695936,eL6-2,Excitatory
Cell_01012,Cell_01012,4716.891453225586,8071.622312012053,eL4,Excitatory
Cell_01013,Cell_01013,4749.690811724916,11142.130824877866,eL2/3,Excitatory
Cell_01014,Cell_01014,4746.997492187199,13656.69964118986,Reln,Inhibitory
Cell_01015,Cell_01015,4761.438814768849,11393.03633260937,Astro,Non-neuronal
Cell_01017,Cell_01017,4727.707330145119,6947.481365435357,Astro,Non-neuronal
Cell_01018,Cell_01018,4757.397723369805,12685.374858937246,Reln,Inhibitory
Cell_01019,Cell_01019,4759.8360914995765,6671.79757130754,Micro,Non-neuronal
Cell_01020,Cell_01020,4753.718497690299,12162.600763205462,eL2/3,Excitatory
Cell_01021,Cell_01021,4786.724831508003,1455.5865101095198,Oligo,Non-neuronal
Cell_01022,Cell_01022,4802.818491443762,10793.018026250207,PVALB,Inhibitory
Cell_01023,Cell_01023,4807.018060504436,3258.451582477468,eL6-2,Excitatory
Cell_01024,Cell_01024,4809.13953826577,9756.84820941647,eL2/3,Excitatory
Cell_01025,Cell_01025,4802.743025729539,9081.348613173845,eL4,Excitatory
Cell_01026,Cell_01026,4829.817896717541,5880.68628475852,Oligo,Non-neuronal
Cell_01027,Cell_01027,4845.151262368549,10929.024936770644,PVALB,Inhibitory
Cell_01028,Cell_01028,4838.293791153859,6842.852587306512,eL6-1,Excitatory
Cell_01029,Cell_01029,4832.351070254311,5687.235388847883,Oligo,Non-neuronal
Cell_01030,Cell_01030,4845.148514851485,7069.765557719207,eL4,Excitatory
Cell_01031,Cell_01031,4819.3719192747485,6167.756343674548,Astro,Non-neuronal
Cell_01032,Cell_01032,4834.11767105129,8765.659681859895,eL4,Excitatory
Cell_01033,Cell_01033,4849.864908224414,9276.601283442646,eL4,Excitatory
Cell_01034,Cell_01034,4837.002185082383,10248.47481249631,Oligo,Non-neuronal
Cell_01035,Cell_01035,4834.268379670909,4249.138526384048,eL6-2,Excitatory
Cell_01036,Cell_01036,4864.74759119064,11957.459394356503,eL2/3,Excitatory
Cell_01037,Cell_01037,4861.932469891034,10609.80859300325,eL2/3,Excitatory
Cell_01038,Cell_01038,4864.033639723301,12114.747938974699,Micro,Non-neuronal
Cell_01039,Cell_01039,4854.666838465833,1023.3101404458189,Astro,Non-neuronal
Cell_01040,Cell_01040,4844.692547499684,3046.811096600244,Oligo,Non-neuronal
Cell_01041,Cell_01041,4867.803467332879,7865.059959118783,eL4,Excitatory
Cell_01042,Cell_01042,4872.10112869092,8394.983724680036,Oligo,Non-neuronal
Cell_01043,Cell_01043,4870.221032132425,10119.842908146706,Endo,Non-neuronal
Cell_01044,Cell_01044,4893.062302553213,842.5700968460303,SST,Inhibitory
Cell_01045,Cell_01045,4903.03065660032,9393.687805994052,eL4,Excitatory
Cell_01046,Cell_01046,4904.72060068876,4584.756619432055,eL6-1,Excitatory
Cell_01047,Cell_01047,4887.5211950762205,8583.070188310101,eL4,Excitatory
Cell_01048,Cell_01048,4935.0063543483675,9172.861159564747,eL2/3,Excitatory
Cell_01049,Cell_01049,4921.405576462538,9650.695278823127,eL2/3,Excitatory
Cell_01050,Cell_01050,4901.124511601945,4041.876325651862,Astro,Non-neuronal
Cell_01051,Cell_01051,4934.116330201879,5699.339796122326,eL5,Excitatory
Cell_01052,Cell_01052,4927.949964380003,8195.403888865609,eL4,Excitatory
Cell_01053,Cell_01053,4894.46682521444,3535.8245196804105,eL6-2,Excitatory
Cell_01054,Cell_01054,4913.066551851396,13126.982982736705,eL6-2,Excitatory
Cell_01055,Cell_01055,4942.568804352881,4356.126633493001,eL6-2,Excitatory
Cell_01056,Cell_01056,4945.222691793523,677.3316227521669,Astro,Non-neuronal
Cell_01057,Cell_01057,4935.042816391464,11435.860551867903,SST,Inhibitory
Cell_01058,Cell_01058,4947.554445817016,6305.091071569374,eL6-1,Excitatory
Cell_01059,Cell_01059,4949.992482497418,5356.608802938138,Micro,Non-neuronal
Cell_01061,Cell_01061,4960.11417522753,213.60435139252374,PVALB,Inhibitory
Cell_01062,Cell_01062,4948.617266084646,2768.6514756120705,eL6-2,Excitatory
Cell_01063,Cell_01063,4997.381724941725,12374.41463869464,Astro,Non-neuronal
Cell_01064,Cell_01064,4980.541900937082,10335.231593038821,eL2/3,Excitatory
Cell_01065,Cell_01065,4983.923325409886,10894.339275918815,eL6-1,Excitatory
Cell_01066,Cell_01066,4989.7007145177,1207.1470715600303,Astro,Non-neuronal
Cell_01067,Cell_01067,4995.468282465589,5059.993476959904,eL6-1,Excitatory
Cell_01068,Cell_01068,5004.534876380852,1619.644713308785,Oligo,Non-neuronal
Cell_01069,Cell_01069,4999.140834666995,5871.027391357873,Endo,Non-neuronal
Cell_01070,Cell_01070,5009.525703054128,11721.765315996372,eL2/3,Excitatory
Cell_01071,Cell_01071,5022.11115223748,2333.3296442980345,Oligo,Non-neuronal
Cell_01072,Cell_01072,5013.326882775226,4758.513978686405,eL6-2,Excitatory
Cell_01073,Cell_01073,5039.310846881825,8392.493326862412,SST,Inhibitory
Cell_01074,Cell_01074,5051.368389618851,4546.445976761864,eL6-1,Excitatory
Cell_01075,Cell_01075,5065.346789883269,7628.100344208321,eL5,Excitatory
Cell_01076,Cell_01076,5057.862750491159,3732.9930058939094,eL6-2,Excitatory
Cell_01078,Cell_01078,5099.724595997757,6323.003485509543,Oligo,Non-neuronal
Cell_01079,Cell_01079,5116.642902208202,8125.53948953255,Endo,Non-neuronal
Cell_01080,Cell_01080,5065.297458975907,11455.950606443115,Endo,Non-neuronal
Cell_01083,Cell_01083,5128.50190943808,5099.358392434988,Astro,Non-neuronal
Cell_01084,Cell_01084,5116.178312881861,8956.435847409766,Astro,Non-neuronal
Cell_01086,Cell_01086,5115.956166579329,9585.862365525107,eL2/3,Excitatory
Cell_01087,Cell_01087,5144.72948098974,1640.1827097163548,Oligo,Non-neuronal
Cell_01089,Cell_01089,5120.008520501437,3971.618438234526,eL6-2,Excitatory
Cell_01090,Cell_01090,5111.778308450227,12029.276634951675,eL2/3,Excitatory
Cell_01091,Cell_01091,5139.954629585686,5963.200512552798,SST,Inhibitory
Cell_01092,Cell_01092,5151.383275082237,7139.688810649671,Astro,Non-neuronal
Cell_01093,Cell_01093,5164.53719781648,4724.305120873408,eL6-1,Excitatory
Cell_01094,Cell_01094,5158.91443023746,8335.73856025479,Oligo,Non-neuronal
Cell_01095,Cell_01095,5153.413449697489,4308.793917652728,eL6-1,Excitatory
Cell_01096,Cell_01096,5191.572043157607,2199.362810707457,Oligo,Non-neuronal
Cell_01097,Cell_01097,5178.386778009743,4145.083321735096,eL6-2,Excitatory
Cell_01098,Cell_01098,5179.970385091548,7461.3438782824005,eL5,Excitatory
Cell_01099,Cell_01099,5189.958615126885,8010.72662406155,eL4,Excitatory
Cell_01100,Cell_01100,5195.253217102532,11876.145163968451,eL2/3,Excitatory
Cell_01101,Cell_01101,5221.912620220502,10177.063570255688,eL2/3,Excitatory
Cell_01102,Cell_01102,5230.781286602397,3092.626317686278,eL6-2,Excitatory
Cell_01103,Cell_01103,5214.259372869802,3217.1521813224267,eL6-2,Excitatory
Cell_01104,Cell_01104,5214.526041459436,11720.69036724625,eL2/3,Excitatory
Cell_01105,Cell_01105,5218.4653967442255,6841.927597374925,Micro,Non-neuronal
Cell_01106,Cell_01106,5240.458956230774,12031.64315397485,eL4,Excitatory
Cell_01107,Cell_01107,5251.468076154412,4275.467182076365,eL6-2,Excitatory
Cell_01108,Cell_01108,5220.318316328784,5682.662514906586,eL6-1,Excitatory
Cell_01109,Cell_01109,5245.656001580013,11304.753616748136,Astro,Non-neuronal
Cell_01110,Cell_01110,5245.8474773308535,5943.833992094862,Micro,Non-neuronal
Cell_01112,Cell_01112,5263.918397912842,2704.0897671272587,Endo,Non-neuronal
Cell_01113,Cell_01113,5228.978127264432,10530.676176162744,eL2/3,Excitatory
Cell_01114,Cell_01114,5256.58616260889,8413.20220013402,eL4,Excitatory
Cell_01115,Cell_01115,5254.890721890722,4893.3150228150225,eL6-2,Excitatory
Cell_01116,Cell_01116,5262.333140090029,9597.729129723093,eL6-1,Excitatory
Cell_01117,Cell_01117,5254.658768798009,9870.757600346207,eL2/3,Excitatory
Cell_01118,Cell_01118,5267.68922124127,3425.7313875345894,eL6-2,Excitatory
Cell_01119,Cell_01119,5279.242484869705,7917.066073125594,eL4,Excitatory
Cell_01120,Cell_01120,5265.150813084699,2121.3055189301185,Oligo,Non-neuronal
Cell_01121,Cell_01121,5293.611448047717,4055.877449751892,eL6-1,Excitatory
Cell_01122,Cell_01122,5290.478839316435,8082.411744466109,Astro,Non-neuronal
Cell_01123,Cell_01123,5294.890851381628,804.0709484690067,Reln,Inhibitory
Cell_01124,Cell_01124,5269.990541929798,13793.778969011602,Astro,Non-neuronal
Cell_01125,Cell_01125,5312.119980955404,1120.0892318679576,Oligo,Non-neuronal
Cell_01127,Cell_01127,5293.987823825983,10297.424485524938,eL2/3,Excitatory
Cell_01128,Cell_01128,5333.981373992896,8154.213289439487,Astro,Non-neuronal
Cell_01129,Cell_01129,5332.888311439868,9093.854259660757,eL4,Excitatory
Cell_01131,Cell_01131,5297.057500600528,444.98084314196495,eL5,Excitatory
Cell_01132,Cell_01132,5340.317832150479,5550.536900094297,PVALB,Inhibitory
Cell_01133,Cell_01133,5345.2286102308735,4877.651652331371,eL2/3,Excitatory
Cell_01134,Cell_01134,5358.771653138806,5060.381639782185,eL5,Excitatory
Cell_01135,Cell_01135,5340.904041386285,1614.133688591544,Oligo,Non-neuronal
Cell_01136,Cell_01136,5351.9675230685725,8600.627329473493,eL4,Excitatory
Cell_01137,Cell_01137,5373.589717328963,3728.360371432473,eL6-1,Excitatory
Cell_01139,Cell_01139,5375.847467927077,11593.859959486834,eL2/3,Excitatory
Cell_01141,Cell_01141,5391.007274007156,7877.095031383821,eL4,Excitatory
Cell_01142,Cell_01142,5392.2254180602,11238.421070234113,eL2/3,Excitatory
Cell_01144,Cell_01144,5375.57790631617,8315.636265041574,eL4,Excitatory
Cell_01145,Cell_01145,5386.732087391419,9511.050434324823,eL4,Excitatory
Cell_01146,Cell_01146,5390.8480633330355,3148.153815189194,eL6-2,Excitatory
Cell_01147,Cell_01147,5421.06762336972,6459.446216116767,eL5,Excitatory
Cell_01148,Cell_01148,5438.163343861034,10049.189301223845,Astro,Non-neuronal
Cell_01149,Cell_01149,5408.233886206172,9283.80545874449,eL2/3,Excitatory
Cell_01151,Cell_01151,5417.7603060213805,3564.296697291574,eL6-2,Excitatory
Cell_01152,Cell_01152,5431.765135206091,8145.936413756892,eL4,Excitatory
Cell_01153,Cell_01153,5442.322323280677,6831.56608691027,Astro,Non-neuronal
Cell_01154,Cell_01154,5438.39177781108,747.5497277586293,SST,Inhibitory
Cell_01155,Cell_01155,5455.11136459357,11000.716587112172,eL2/3,Excitatory
Cell_01156,Cell_01156,5446.952894438138,11814.21364610922,eL2/3,Excitatory
Cell_01157,Cell_01157,5447.838946021097,1299.0535375380678,Astro,Non-neuronal
Cell_01158,Cell_01158,5469.603430398341,3324.231055041908,eL6-2,Excitatory
Cell_01159,Cell_01159,5473.07451630044,7145.499202950646,eL4,Excitatory
Cell_01161,Cell_01161,5478.052194860814,905.7540484475375,Reln,Inhibitory
Cell_01162,Cell_01162,5474.1659117997615,7682.922458709348,eL4,Excitatory
Cell_01163,Cell_01163,5484.224127773778,9543.265104405315,eL4,Excitatory
Cell_01164,Cell_01164,5481.628111927872,6031.044145717418,eL5,Excitatory
Cell_01165,Cell_01165,5489.351220346715,8603.584568886861,eL4,Excitatory
Cell_01167,Cell_01167,5478.307696855049,9179.735102861196,Astro,Non-neuronal
Cell_01168,Cell_01168,5499.658727244111,1933.5843869681548,Oligo,Non-neuronal
Cell_01169,Cell_01169,5494.4111027353,8738.365442601766,eL4,Excitatory
Cell_01171,Cell_01171,5500.080294207784,10718.030602863273,eL6-1,Excitatory
Cell_01173,Cell_01173,5519.12223751902,2701.3445764799653,eL6-2,Excitatory
Cell_01174,Cell_01174,5519.571355301961,7291.1861349745695,Reln,Inhibitory
Cell_01176,Cell_01176,5513.372513658303,9411.371399777223,Astro,Non-neuronal
Cell_01177,Cell_01177,5536.651275876441,2592.8668086880007,Astro,Non-neuronal
Cell_01178,Cell_01178,5539.823522568637,1587.4918566775245,Oligo,Non-neuronal
Cell_01180,Cell_01180,5574.667002930298,3459.5569966854014,eL6-2,Excitatory
Cell_01181,Cell_01181,5579.54745393303,8510.198335644938,eL4,Excitatory
Cell_01182,Cell_01182,5574.620202823623,9683.665042752038,Astro,Non-neuronal
Cell_01183,Cell_01183,5589.928127772849,4777.129033764536,eL6-1,Excitatory
Cell_01184,Cell_01184,5625.01303234815,298.6749825459623,Oligo,Non-neuronal
Cell_01185,Cell_01185,5576.930846659985,6192.011547344111,eL5,Excitatory
Cell_01186,Cell_01186,5614.15634061187,9559.260784661814,PVALB,Inhibitory
Cell_01187,Cell_01187,5614.324486544917,11300.845337657165,eL2/3,Excitatory
Cell_01188,Cell_01188,5604.1431609473175,3688.9044627033995,eL6-2,Excitatory
Cell_01189,Cell_01189,5607.877322175732,8697.967531380753,eL2/3,Excitatory
Cell_01190,Cell_01190,5590.103643183804,12057.902214685782,eL6-1,Excitatory
Cell_01191,Cell_01191,5622.570699370235,3955.1351673848194,eL6-1,Excitatory
Cell_01192,Cell_01192,5632.873070920756,10629.779330674528,eL2/3,Excitatory
Cell_01193,Cell_01193,5619.669010854609,13802.695726953065,Smc,Non-neuronal
Cell_01194,Cell_01194,5634.072206496186,1960.8386028882599,Oligo,Non-neuronal
Cell_01195,Cell_01195,5638.210142272699,10352.196037125237,eL2/3,Excitatory
Cell_01197,Cell_01197,5639.844202138813,3234.8261165862864,Astro,Non-neuronal
Cell_01199,Cell_01199,5643.975794901175,9963.441993698081,eL2/3,Excitatory
Cell_01200,Cell_01200,5604.583475056689,5017.5945530990175,Astro,Non-neuronal
Cell_01201,Cell_01201,5657.500752860871,11637.499146757678,eL6-2,Excitatory
Cell_01202,Cell_01202,5665.055167129585,10205.459869744278,eL4,Excitatory
Cell_01203,Cell_01203,5702.730308259105,2165.139392808842,Oligo,Non-neuronal
Cell_01204,Cell_01204,5700.6590255131405,10093.028006905812,eL2/3,Excitatory
Cell_01205,Cell_01205,5699.3842313202795,9259.977206616593,eL6-2,Excitatory
Cell_01206,Cell_01206,5708.065132435953,9005.417952867801,eL2/3,Excitatory
Cell_01207,Cell_01207,5707.539940078359,4352.665683337174,eL6-1,Excitatory
Cell_01209,Cell_01209,5717.676757219862,7465.7139542355335,eL4,Excitatory
Cell_01211,Cell_01211,5735.392638315255,656.0813779331004,Reln,Inhibitory
Cell_01212,Cell_01212,5735.016891178582,9855.723322494827,eL2/3,Excitatory
Cell_01213,Cell_01213,5723.233265027322,8515.455210772834,eL4,Excitatory
Cell_01214,Cell_01214,5736.308614628979,8260.456108248663,eL4,Excitatory
Cell_01215,Cell_01215,5748.320791016062,12246.169925282986,eL2/3,Excitatory
Cell_01216,Cell_01216,5764.087986348123,10863.327508532424,Reln,Inhibitory
Cell_01217,Cell_01217,5788.600375234521,831.4332618600911,Micro,Non-neuronal
Cell_01218,Cell_01218,5776.786672168351,1346.553744584279,Astro,Non-neuronal
Cell_01219,Cell_01219,5760.661378555798,9139.473331509847,eL2/3,Excitatory
Cell_01220,Cell_01220,5773.656220125525,4914.39793840143,eL6-1,Excitatory
Cell_01221,Cell_01221,5789.804401473919,11656.616071126737,eL2/3,Excitatory
Cell_01222,Cell_01222,5783.9962269473535,12113.173948305652,eL2/3,Excitatory
Cell_01223,Cell_01223,5780.988374944818,8639.328248393584,eL4,Excitatory
Cell_01224,Cell_01224,5791.636794689426,1779.7834044570886,Oligo,Non-neuronal
Cell_01226,Cell_01226,5790.509255970002,6243.206118018551,eL4,Excitatory
Cell_01227,Cell_01227,5782.0078459343795,1965.5069132009219,Oligo,Non-neuronal
Cell_01228,Cell_01228,5796.732441471572,4747.846313107183,eL5,Excitatory
Cell_01229,Cell_01229,5792.336260191739,7799.224487053131,Oligo,Non-neuronal
Cell_01230,Cell_01230,5830.415472519499,5929.976056593507,Astro,Non-neuronal
Cell_01231,Cell_01231,5809.536438147277,11223.38649215325,eL2/3,Excitatory
Cell_01232,Cell_01232,5799.41278411565,11341.057432726639,Micro,Non-neuronal
Cell_01233,Cell_01233,5795.196440888399,2459.188761668276,Oligo,Non-neuronal
Cell_01234,Cell_01234,5804.807655820131,6584.125699648989,PVALB,Inhibitory
Cell_01235,Cell_01235,5865.237064231698,242.42662148169066,Micro,Non-neuronal
Cell_01236,Cell_01236,5813.298356573705,3686.6097111553786,eL6-1,Excitatory
Cell_01237,Cell_01237,5787.342009948326,8047.409523349592,Endo,Non-neuronal
Cell_01238,Cell_01238,5801.0589122727615,1207.8867013653164,Oligo,Non-neuronal
Cell_01239,Cell_01239,5818.417216931953,3540.793528880239,PVALB,Inhibitory
Cell_01240,Cell_01240,5813.480462405656,4461.304862902455,eL6-2,Excitatory
Cell_01241,Cell_01241,5804.279013097776,13711.940806173216,Smc,Non-neuronal
Cell_01242,Cell_01242,5862.599712864345,5278.455911321826,eL6-1,Excitatory
Cell_01243,Cell_01243,5855.748110271232,5634.785060026678,eL5,Excitatory
Cell_01244,Cell_01244,5848.988548501693,12376.262214234965,Micro,Non-neuronal
Cell_01245,Cell_01245,5853.133187063221,9818.203315455876,eL2/3,Excitatory
Cell_01246,Cell_01246,5875.663236587511,3352.370096745822,eL6-2,Excitatory
Cell_01247,Cell_01247,5872.275272814486,3820.329176160211,eL5,Excitatory
Cell_01250,Cell_01250,5889.0624678663235,9341.546272493573,eL6-1,Excitatory
Cell_01251,Cell_01251,5906.862659945716,13697.795579682048,Smc,Non-neuronal
Cell_01252,Cell_01252,5910.105485581704,8589.662454424926,Endo,Non-neuronal
Cell_01253,Cell_01253,5900.265752082312,2174.812101910828,Oligo,Non-neuronal
Cell_01254,Cell_01254,5918.408094913715,6607.550465485921,PVALB,Inhibitory
Cell_01255,Cell_01255,5903.161220268873,11741.895863495347,Astro,Non-neuronal
Cell_01256,Cell_01256,5946.402676579925,1948.1768525402726,Oligo,Non-neuronal
Cell_01257,Cell_01257,5927.2901048925405,13509.942565832906,Smc,Non-neuronal
Cell_01258,Cell_01258,5923.481336124193,3958.8804727019015,eL6-2,Excitatory
Cell_01259,Cell_01259,5935.26989312808,4262.054931059306,eL6-2,Excitatory
Cell_01260,Cell_01260,5948.41231939779,5491.268404225181,eL5,Excitatory
Cell_01261,Cell_01261,5931.605902458745,10318.9029732809,eL2/3,Excitatory
Cell_01262,Cell_01262,5942.469458827843,728.0904092013013,Astro,Non-neuronal
Cell_01263,Cell_01263,5960.9370319333775,7866.524504223833,eL4,Excitatory
Cell_01264,Cell_01264,5946.014085914086,9968.631235431236,eL2/3,Excitatory
Cell_01265,Cell_01265,5943.947723600419,1587.0369261477047,Oligo,Non-neuronal
Cell_01266,Cell_01266,5955.744062688366,10509.73285111513,eL2/3,Excitatory
Cell_01267,Cell_01267,5966.527377686329,13026.756858710562,Endo,Non-neuronal
Cell_01268,Cell_01268,5970.762133435779,11344.634652324241,eL2/3,Excitatory
Cell_01269,Cell_01269,5980.941195849119,3756.84887168506,eL4,Excitatory
Cell_01270,Cell_01270,5939.0247419511825,2757.143534052199,eL6-2,Excitatory
Cell_01271,Cell_01271,5977.463688158085,11623.464986297418,Astro,Non-neuronal
Cell_01272,Cell_01272,6007.74932705249,10784.391184387618,Astro,Non-neuronal
Cell_01273,Cell_01273,5991.895363086532,8401.201051508084,eL4,Excitatory
Cell_01274,Cell_01274,6026.205677290836,9088.742380478088,eL2/3,Excitatory
Cell_01275,Cell_01275,6013.705017707713,11074.601122010845,eL2/3,Excitatory
Cell_01276,Cell_01276,6002.505306274436,12101.78674362316,eL2/3,Excitatory
Cell_01277,Cell_01277,6002.72121492575,1700.5145345168482,Oligo,Non-neuronal
Cell_01278,Cell_01278,5991.748567835685,3038.9622746961018,eL6-2,Excitatory
Cell_01279,Cell_01279,6012.211710221634,8872.47436321535,eL4,Excitatory
Cell_01280,Cell_01280,6003.008839779006,13714.640208717004,Smc,Non-neuronal
Cell_01281,Cell_01281,6014.825195538483,510.3522469570047,Astro,Non-neuronal
Cell_01282,Cell_01282,5992.087035199346,4090.0886696631837,eL6-2,Excitatory
Cell_01283,Cell_01283,6005.138278704236,7603.242514855281,eL4,Excitatory
Cell_01284,Cell_01284,6011.356078369034,12332.66748797838,Endo,Non-neuronal
Cell_01285,Cell_01285,6025.105064827234,13489.007089480743,Astro,Non-neuronal
Cell_01286,Cell_01286,6029.965509399636,13601.930336567617,Astro,Non-neuronal
Cell_01287,Cell_01287,6039.16508889402,4808.104825675364,eL5,Excitatory
Cell_01288,Cell_01288,6029.340661717004,4197.609385136596,eL6-2,Excitatory
Cell_01289,Cell_01289,6017.853329738474,2928.353329738474,eL6-2,Excitatory
Cell_01290,Cell_01290,6060.772002058672,8600.730709845995,SST,Inhibitory
Cell_01291,Cell_01291,6074.539931384896,2611.798280279672,Micro,Non-neuronal
Cell_01292,Cell_01292,6078.611252383979,9331.849741167924,eL4,Excitatory
Cell_01293,Cell_01293,6078.584060792564,3797.379074295045,eL6-1,Excitatory
Cell_01294,Cell_01294,6058.615779298037,9747.094809637121,eL2/3,Excitatory
Cell_01296,Cell_01296,6105.014213480909,3456.322411115977,eL6-2,Excitatory
Cell_01298,Cell_01298,6116.88383327716,4038.8081676216157,eL6-2,Excitatory
Cell_01299,Cell_01299,6119.052187598363,9219.449417689644,eL4,Excitatory
Cell_01300,Cell_01300,6113.203127861407,12775.4841592499,Endo,Non-neuronal
Cell_01301,Cell_01301,6113.418872428561,13723.241451941305,Smc,Non-neuronal
Cell_01302,Cell_01302,6132.389827227411,2415.870105986546,Oligo,Non-neuronal
Cell_01303,Cell_01303,6084.851913527916,6421.831022163014,Astro,Non-neuronal
Cell_01304,Cell_01304,6144.782302115404,7309.3384645943,eL4,Excitatory
Cell_01305,Cell_01305,6142.376184887605,12071.521531100478,eL2/3,Excitatory
Cell_01306,Cell_01306,6145.610092438248,1650.6172652422083,Oligo,Non-neuronal
Cell_01307,Cell_01307,6146.1120790481955,5566.115426497277,eL5,Excitatory
Cell_01308,Cell_01308,6162.606550272412,3142.265354135711,eL6-2,Excitatory
Cell_01309,Cell_01309,6169.181150240689,6147.652068478772,eL5,Excitatory
Cell_01310,Cell_01310,6179.267974998907,12473.659731631627,Astro,Non-neuronal
Cell_01311,Cell_01311,6173.243796688084,3917.342684009821,eL6-2,Excitatory
Cell_01313,Cell_01313,6190.72684868462,5806.159338267305,Astro,Non-neuronal
Cell_01315,Cell_01315,6188.828911802983,13746.189608569426,Smc,Non-neuronal
Cell_01316,Cell_01316,6199.95205974464,2967.646446639364,eL6-1,Excitatory
Cell_01317,Cell_01317,6201.601350936445,3630.073963770341,PVALB,Inhibitory
Cell_01318,Cell_01318,6159.401198814655,1812.1411301185344,Oligo,Non-neuronal
Cell_01319,Cell_01319,6168.302551191675,2132.390265189661,Oligo,Non-neuronal
Cell_01320,Cell_01320,6184.006502574845,9995.779348869686,eL2/3,Excitatory
Cell_01321,Cell_01321,6193.480007309941,655.3741228070176,Oligo,Non-neuronal
Cell_01322,Cell_01322,6210.292264163077,1537.4125779692624,Oligo,Non-neuronal
Cell_01323,Cell_01323,6218.506600302965,7880.187838130275,eL4,Excitatory
Cell_01324,Cell_01324,6193.965795893474,5908.531053059565,Astro,Non-neuronal
Cell_01325,Cell_01325,6225.021748222501,8226.1880489335,eL4,Excitatory
Cell_01326,Cell_01326,6227.125690338509,10414.008381521668,eL6-1,Excitatory
Cell_01328,Cell_01328,6195.40885930551,4658.963596736666,Reln,Inhibitory
Cell_01329,Cell_01329,6237.123039006588,4243.3290677283285,eL6-2,Excitatory
Cell_01330,Cell_01330,6257.734131113423,6662.451994450225,Reln,Inhibitory
Cell_01331,Cell_01331,6273.643806663329,11194.219088937094,eL2/3,Excitatory
Cell_01332,Cell_01332,6257.342726263187,1282.916712937257,Oligo,Non-neuronal
Cell_01333,Cell_01333,6261.082693236185,8347.204757933547,eL4,Excitatory
Cell_01334,Cell_01334,6287.276752606553,12016.099027177943,eL2/3,Excitatory
Cell_01335,Cell_01335,6252.835800152873,7007.2459870752555,eL6-2,Excitatory
Cell_01336,Cell_01336,6260.0291423155895,12196.351247828146,eL2/3,Excitatory
Cell_01337,Cell_01337,6282.746843054721,10858.919222289036,eL2/3,Excitatory
Cell_01339,Cell_01339,6300.75121771896,13749.63606286187,Smc,Non-neuronal
Cell_01341,Cell_01341,6279.291567944251,7434.681045296167,eL4,Excitatory
Cell_01345,Cell_01345,6325.804536959464,6079.5562286524455,Reln,Inhibitory
Cell_01346,Cell_01346,6315.422908340854,1509.5075415753513,Oligo,Non-neuronal
Cell_01347,Cell_01347,6320.769510994421,9860.083656055136,eL2/3,Excitatory
Cell_01348,Cell_01348,6333.6755337465565,10155.231620179064,eL4,Excitatory
Cell_01349,Cell_01349,6321.137403855284,11290.694093628335,eL2/3,Excitatory
Cell_01350,Cell_01350,6336.213484721055,11700.303223997757,eL2/3,Excitatory
Cell_01351,Cell_01351,6328.64574965431,885.3753868440114,Oligo,Non-neuronal
Cell_01352,Cell_01352,6344.315565490264,7046.381808021321,eL4,Excitatory
Cell_01353,Cell_01353,6308.367985889097,9382.737257928196,eL6-2,Excitatory
Cell_01354,Cell_01354,6341.23568040861,5910.400401313389,eL5,Excitatory
Cell_01355,Cell_01355,6329.439603960396,3881.9686214775325,eL6-1,Excitatory
Cell_01356,Cell_01356,6335.1546717465035,7745.022766342982,eL4,Excitatory
Cell_01357,Cell_01357,6321.672450805009,10564.993858079904,SST,Inhibitory
Cell_01358,Cell_01358,6350.473834545945,11435.301751549448,eL2/3,Excitatory
Cell_01359,Cell_01359,6352.122228762017,1210.5513046890328,Oligo,Non-neuronal
Cell_01360,Cell_01360,6353.474906796673,3362.8320906223116,eL6-2,Excitatory
Cell_01361,Cell_01361,6362.788904271138,9674.209096036508,Reln,Inhibitory
Cell_01362,Cell_01362,6377.663121676572,668.8180716296528,Oligo,Non-neuronal
Cell_01363,Cell_01363,6379.089804543053,4429.318072430592,eL6-2,Excitatory
Cell_01364,Cell_01364,6365.706287008011,6735.64885928248,eL4,Excitatory
Cell_01365,Cell_01365,6347.700432971163,12836.44514337064,Micro,Non-neuronal
Cell_01367,Cell_01367,6382.390322580645,7618.382697947214,eL2/3,Excitatory
Cell_01368,Cell_01368,6375.001996223361,13539.365362827084,Micro,Non-neuronal
Cell_01369,Cell_01369,6387.177520909689,2614.562212198102,eL6-2,Excitatory
Cell_01370,Cell_01370,6382.532098486559,3147.233611926813,eL6-2,Excitatory
Cell_01372,Cell_01372,6403.563813315638,1559.172307011723,Oligo,Non-neuronal
Cell_01374,Cell_01374,6377.419664981663,9018.155515908415,Astro,Non-neuronal
Cell_01376,Cell_01376,6365.152338562045,2412.40823432284,Oligo,Non-neuronal
Cell_01377,Cell_01377,6379.265719775459,7298.999020457371,eL4,Excitatory
Cell_01378,Cell_01378,6402.6137905250225,8542.13165625167,Oligo,Non-neuronal
Cell_01379,Cell_01379,6380.48745587197,4608.706895740174,eL5,Excitatory
Cell_01380,Cell_01380,6401.176321118037,12169.635764481676,eL2/3,Excitatory
Cell_01381,Cell_01381,6400.348920009495,3586.132257298837,eL6-2,Excitatory
Cell_01382,Cell_01382,6404.411871296342,4005.0142024584948,eL6-2,Excitatory
Cell_01384,Cell_01384,6404.294178845677,9495.290017339608,eL4,Excitatory
Cell_01386,Cell_01386,6418.719694263876,13653.53175226802,Smc,Non-neuronal
Cell_01388,Cell_01388,6439.531716586735,8773.272237806534,Astro,Non-neuronal
